Time_(s),Current_(A),Current_Std_Dev_(A),Control_Temperature_(K),Sample_Temperature_(K),Conductivity_(S/cm),Delta_T
16.606,0.0001582126,2.214197e-08,440.0,440.0,0.001582126,1.0
33.128,0.0001582611,1.772287e-08,440.0,440.0,0.0015826109999999,0.9932700580037747
49.767,0.0001581655,5.138796e-08,440.0,440.0,0.001581655,1.006535675630674
66.629,0.0001582193,2.759247e-08,439.98,440.0,0.001582193,0.9990702966724966
82.83,0.0001582717,2.512215e-08,440.0,440.0,0.001582717,0.9917991840812606
99.324,0.0001582121,1.281045e-07,440.0,440.0,0.001582121,1.000069380845339
116.07,0.0001580859,5.20031e-08,440.0,440.0,0.001580859,1.0175811062081996
132.736,0.0001580831,4.475228e-08,439.99,440.0,0.001580831,1.0179696389420825
149.492,0.0001580704,5.940857e-08,439.99,440.0,0.001580704,1.0197319124136217
166.328,0.0001582698,4.398687e-08,440.0,440.0,0.001582698,0.9920628312935379
183.533,0.0001581592,8.068567e-08,439.99,440.0,0.001581592,1.0074098742819106
200.458,0.0001582924,9.101673e-08,439.99,440.0,0.001582924,0.9889268170843395
217.522,0.0001583533,6.23147e-08,439.99,440.0,0.0015835329999999,0.9804762301237759
234.333,0.000158475,5.231316e-08,439.99,440.0,0.0015847499999999,0.9635889323689405
251.22,0.0001584923,4.921845e-08,439.99,440.0,0.001584923,0.96118835511892
268.265,0.0001584951,7.123272e-08,439.99,440.0,0.001584951,0.960799822385037
285.138,0.000158381,8.890444e-08,440.0,440.0,0.00158381,0.9766325312907634
301.806,0.0001583411,9.978471e-08,439.99,440.0,0.001583411,0.9821691227485921
319.233,0.0001582972,6.553845e-08,439.99,440.0,0.001582972,0.9882607609691133
335.803,0.0001582925,6.635134e-08,440.0,440.0,0.0015829249999999,0.9889129409166607
352.339,0.0001583753,1.802437e-07,439.99,440.0,0.001583753,0.9774234729275952
369.236,0.0001586127,4.842646e-08,440.0,440.0,0.001586127,0.9444814475619601
386.073,0.0001587142,1.956073e-08,440.0,440.0,0.001587142,0.9303971359587069
402.598,0.0001587658,2.738532e-08,439.99,440.0,0.001587658,0.9232370327200076
419.477,0.0001587939,2.315863e-08,440.0,440.0,0.001587939,0.9193378292121123
436.398,0.0001587581,6.222263e-08,440.0,440.0,0.001587581,0.9243054977381856
452.85,0.0001588441,7.143832e-08,439.99,440.0,0.001588441,0.9123719923403575
469.7,0.0001589284,5.420578e-08,440.0,440.0,0.0015892839999999,0.9006743818180558
486.28,0.0001589468,3.586642e-08,440.0,440.0,0.001589468,0.8981211667082978
503.141,0.0001590426,2.483814e-08,439.99,440.0,0.0015904259999999,0.8848277967432635
519.907,0.0001591839,1.423962e-08,439.99,440.0,0.001591839,0.8652207698498604
536.142,0.0001591821,4.88409e-08,440.0,440.0,0.0015918209999999,0.8654705408944589
552.945,0.0001590048,8.126199e-08,439.99,440.0,0.001590048,0.890072988649296
569.566,0.0001589979,7.775238e-08,439.99,440.0,0.001589979,0.8910304443149343
586.245,0.0001586749,4.983406e-08,439.99,440.0,0.001586749,0.9358504704021338
602.825,0.0001586228,1.554733e-07,440.0,440.0,0.001586228,0.9430799544861659
619.695,0.000158699,1.736081e-07,439.99,440.0,0.00158699,0.932506313656928
636.5,0.0001588491,9.332434e-08,439.99,440.0,0.001588491,0.9116781838869934
653.275,0.0001588839,1.75274e-07,440.0,440.0,0.0015888389999999,0.9068492770529818
670.154,0.0001591055,5.313975e-08,440.0,440.0,0.001591055,0.8760996863985795
686.87,0.0001591362,3.501047e-08,440.0,440.0,0.001591362,0.8718397024949363
703.884,0.0001590839,3.628422e-08,440.0,440.0,0.001590839,0.8790969389171062
720.709,0.0001590173,3.215259e-08,440.0,440.0,0.001590173,0.8883384675158887
737.655,0.0001589865,2.29359e-08,440.0,440.0,0.001589865,0.892612327588601
754.317,0.0001589151,1.722692e-08,440.0,440.0,0.001589151,0.9025199123026126
771.226,0.0001589625,4.212218e-08,440.0,440.0,0.001589625,0.8959426081647408
787.967,0.0001590219,1.28448e-08,440.0,440.0,0.001590219,0.8877001637387975
804.843,0.0001590223,1.45606e-08,440.0,440.0,0.001590223,0.8876446590625277
821.469,0.0001589962,2.169895e-08,440.01,440.0,0.0015899619999999,0.8912663391904668
838.073,0.0001589283,3.506201e-08,440.0,440.0,0.001589283,0.9006882579857377
855.349,0.000158922,2.524986e-08,440.0,440.0,0.00158922,0.9015624566369743
871.772,0.0001589273,2.795254e-08,440.0,440.0,0.001589273,0.9008270196764093
888.204,0.0001588767,1.396066e-08,440.0,440.0,0.001588767,0.907848361224434
904.695,0.000158902,2.300725e-08,439.99,440.0,0.00158902,0.9043376904504217
921.409,0.0001589689,1.039711e-08,440.0,440.0,0.001589689,0.8950545333444352
938.037,0.0001589197,2.502021e-08,440.01,440.0,0.001589197,0.9018816085255185
954.417,0.0001589047,1.061498e-08,439.98,440.0,0.001589047,0.9039630338856077
970.818,0.0001589728,2.109134e-08,440.0,440.0,0.001589728,0.8945133627508117
987.317,0.0001589768,5.822523e-08,440.01,440.0,0.0015897679999999,0.8939583159895124
1103.7,0.0001592022,4.64227e-08,440.0,440.0,0.001592022,0.8626814309105555
9266.11,0.0001640873,2.208594e-08,440.01,440.0,0.001640873,0.18481669580662366
2749.37,0.0001595414,4.821065e-08,439.99,440.0,0.0015954139999999,0.8156134654358533
9232.7,0.0001640833,1.299615e-08,440.0,440.0,0.001640833,0.18537174256931313
8575.66,0.0001644631,1.81503e-08,440.0,440.0,0.001644631,0.13267005245192137
4740.3,0.0001600399,5.118257e-08,439.99,440.0,0.001600399,0.7464407626342539
4993.17,0.0001596896,7.879537e-08,440.0,440.0,0.001596896,0.7950489828768088
8320.57,0.0001643625,1.41598e-08,440.0,440.0,0.001643625,0.1466294785335689
6858.92,0.0001607379,1.841768e-08,440.01,440.0,0.001607379,0.6495851025448918
2212.05,0.0001594091,1.668156e-07,440.01,440.0,0.001594091,0.8339716371104285
9008.01,0.0001641997,3.778609e-08,439.99,440.0,0.001641997,0.16921988177503963
5621.31,0.0001628319,4.442584e-08,440.0,440.0,0.001628319,0.3590181222768026
2228.71,0.0001592902,1.946757e-07,439.99,440.0,0.0015929019999999,0.8504704021327683
8405.64,0.0001644774,2.148488e-08,440.0,440.0,0.001644774,0.13068576027530282
2178.71,0.000159817,5.460566e-08,439.99,440.0,0.00159817,0.7773707434851386
5128.92,0.0001598237,2.782106e-08,440.0,440.0,0.001598237,0.7764410401576352
4840.97,0.0001602009,4.269647e-08,440.0,440.0,0.001602009,0.7241001304359914
1170.83,0.0001594342,4.985936e-08,440.0,440.0,0.001594342,0.8304887186745512
6892.77,0.0001608244,1.525693e-07,439.99,440.0,0.001608244,0.6375822163017248
7113.14,0.0001607452,3.046966e-08,439.99,440.0,0.0016074519999999,0.6485721422043706
5908.95,0.000161458,1.381955e-07,440.01,440.0,0.00161458,0.5496628090916671
1037.24,0.0001589224,5.287554e-08,440.0,440.0,0.001589224,0.9015069519607044
6078.67,0.0001612477,2.498466e-08,440.01,440.0,0.001612477,0.5788443926400817
2445.76,0.0001597574,2.939085e-08,440.0,440.0,0.001597574,0.7856409402492168
6978.22,0.0001615398,3.892359e-07,440.01,440.0,0.0016153979999999,0.5383121027960506
8388.63,0.000164408,2.128641e-08,439.99,440.0,0.00164408,0.1403158216079713
2512.98,0.0001592108,5.724955e-08,440.0,440.0,0.0015921079999999,0.8614880803721588
6417.92,0.0001604049,4.777366e-08,440.0,440.0,0.001604049,0.6957927455388134
9688.09,0.00016409,1.815367e-08,440.0,440.0,0.0016409,0.1844420392418067
8541.6,0.0001644591,2.002471e-08,440.01,440.0,0.001644591,0.13322509921461084
8099.46,0.0001623846,1.246856e-07,440.0,440.0,0.001623846,0.4210862265145855
3609.67,0.000159973,1.205884e-07,439.99,440.0,0.00159973,0.7557239197402402
4102.35,0.0001602009,2.318261e-08,440.0,440.0,0.001602009,0.7241001304359914
3982.47,0.0001607108,9.110531e-08,439.99,440.0,0.0016071079999999,0.6533455443635025
2278.78,0.0001599824,1.46447e-07,440.0,440.0,0.001599824,0.7544195598479199
7450.99,0.0001619898,1.104335e-08,440.0,440.0,0.001619898,0.4758693419920635
9059.97,0.0001642236,1.127633e-08,439.99,440.0,0.001642236,0.16590347736796876
4119.07,0.0001601798,2.119119e-08,439.99,440.0,0.0016017979999999,0.7270280021105664
1504.68,0.0001596671,3.767242e-08,440.0,440.0,0.001596671,0.7981711209169382
2312.04,0.0001600878,6.94355e-08,440.02,440.0,0.001600878,0.7397940776510431
3812.69,0.0001616048,1.428961e-07,439.99,440.0,0.001616048,0.5292925929009543
1926.68,0.0001590177,1.494471e-08,440.0,440.0,0.001590177,0.8882829628396219
1153.96,0.000159293,7.270488e-08,440.0,440.0,0.00159293,0.8500818693974982
2412.03,0.0001599032,1.959007e-07,440.0,440.0,0.0015990319999999,0.7654094857505627
3914.39,0.0001611086,7.49121e-08,440.01,440.0,0.0016110859999999,0.5981461438140037
9451.22,0.000164116,1.494434e-08,440.0,440.0,0.00164116,0.18083423528432363
6095.59,0.0001608989,1.787938e-07,440.0,440.0,0.001608989,0.6272444703466293
3306.41,0.000159638,4.621207e-08,439.99,440.0,0.00159638,0.8022090861155051
6707.03,0.0001604704,1.552203e-08,440.01,440.0,0.0016047039999999,0.6867038548011556
4236.1,0.0001601863,5.401656e-08,439.98,440.0,0.001601863,0.7261260511198078
2295.26,0.0001600233,9.259356e-08,439.99,440.0,0.001600233,0.7487442066994164
8031.39,0.0001629442,6.429412e-08,440.0,440.0,0.001629442,0.3434351844142875
9927.24,0.0001641623,8.83239e-09,440.01,440.0,0.001641623,0.17440956900618934
3491.74,0.000159789,2.132812e-08,440.0,440.0,0.00159789,0.7812560708239679
2378.65,0.0001599767,1.411721e-07,440.01,440.0,0.001599767,0.7552105014847517
5163.13,0.0001599909,4.756388e-08,440.01,440.0,0.001599909,0.7532400854772021
2698.41,0.000159406,1.420485e-08,440.0,440.0,0.00159406,0.8344017983515124
7096.07,0.0001607304,6.324239e-08,440.0,440.0,0.001607304,0.6506258152249349
4033.83,0.0001604297,3.191673e-08,440.0,440.0,0.001604297,0.6923514556101369
7877.3,0.0001629221,1.537302e-07,440.0,440.0,0.001629221,0.34650181777815003
9773.31,0.0001640344,1.166381e-08,440.0,440.0,0.001640344,0.19215718924319541
8609.77,0.0001643245,3.733705e-08,440.0,440.0,0.0016432449999999,0.15190242278050747
8799.06,0.0001643346,2.56697e-08,440.0,440.0,0.001643346,0.15050092970332923
9467.96,0.000164106,2.334761e-08,440.0,440.0,0.00164106,0.1822218521910488
7079.28,0.0001607037,6.548969e-08,440.01,440.0,0.001607037,0.6543307523658887
8202.46,0.0001626578,2.519171e-08,439.99,440.0,0.001626578,0.383176532622874
7215.27,0.0001608529,1.085715e-08,440.0,440.0,0.001608529,0.6336275081175597
2261.96,0.000159867,1.076104e-07,440.01,440.0,0.00159867,0.7704326589515187
4521.28,0.0001607081,1.312237e-07,440.01,440.0,0.001607081,0.6537202009269294
3660.5,0.0001605423,1.585665e-07,440.0,440.0,0.001605423,0.6767268892404209
5892.0,0.0001612844,6.321076e-08,439.99,440.0,0.001612844,0.5737518385924028
2145.28,0.0001599201,1.532264e-07,440.01,440.0,0.001599201,0.763064413176812
2496.36,0.0001598628,2.4857e-07,440.02,440.0,0.001598628,0.7710154580523431
2061.76,0.0001591961,4.123766e-08,439.99,440.0,0.0015919609999999,0.8635278772250442
8150.71,0.0001625943,1.358144e-08,440.0,440.0,0.001625943,0.3919878999805757
8439.5,0.0001644464,2.101957e-08,440.0,440.0,0.001644464,0.13498737268614996
2328.52,0.0001599897,1.683885e-07,440.0,440.0,0.0015998969999999,0.7534065995073987
4437.36,0.000161181,2.712522e-08,440.0,440.0,0.00161181,0.5880997974079332
1555.46,0.0001599406,1.88622e-07,440.01,440.0,0.001599406,0.7602197985180258
4824.15,0.0001602083,2.036364e-08,440.01,440.0,0.001602083,0.7230732939250142
9807.12,0.0001641167,1.941963e-08,440.0,440.0,0.001641167,0.1807371021008529
1003.73,0.0001588718,2.223011e-08,440.0,440.0,0.0015887179999999,0.9085282935101162
1187.17,0.000159396,3.160169e-08,440.0,440.0,0.00159396,0.8357894152582376
5334.06,0.0001598409,6.49965e-08,440.0,440.0,0.0015984089999999,0.7740543390794549
1370.18,0.0001585599,1.013739e-08,440.01,440.0,0.001585599,0.9518080648294628
9704.89,0.0001640965,1.388244e-08,439.98,440.0,0.001640965,0.18354008825243517
3205.57,0.000159775,4.857297e-08,440.0,440.0,0.00159775,0.7831987344933825
6639.12,0.0001605095,2.956443e-08,440.0,440.0,0.001605095,0.6812782726944764
3222.27,0.0001598643,3.806442e-08,440.01,440.0,0.001598643,0.7708073155163326
3087.81,0.000159655,6.158102e-08,440.0,440.0,0.00159655,0.7998501373740756
3508.56,0.0001599432,5.169526e-08,439.99,440.0,0.001599432,0.7598590181222779
1303.3,0.0001585737,3.808776e-08,440.01,440.0,0.001585737,0.9498931534981832
9654.4,0.0001641191,2.853633e-08,439.99,440.0,0.001641191,0.1804040740432398
5993.6,0.0001612826,1.24616e-07,440.0,440.0,0.001612826,0.5740016096356141
1253.36,0.0001588169,1.669827e-07,440.01,440.0,0.001588169,0.9161463103266471
2970.82,0.0001596418,2.898199e-08,440.0,440.0,0.001596418,0.8016817916909506
1656.28,0.0001592044,4.558314e-08,439.99,440.0,0.001592044,0.8623761551910774
9249.26,0.0001641046,1.061655e-08,440.0,440.0,0.001641046,0.18241611855799025
5470.38,0.0001599564,5.60123e-08,440.01,440.0,0.001599564,0.7580273638054029
1773.61,0.0001588772,5.51362e-09,440.0,440.0,0.001588772,0.9077789803790982
2563.3,0.00015933,2.732927e-08,440.01,440.0,0.0015933,0.8449476868426183
9215.1,0.000164133,1.771377e-08,440.01,440.0,0.00164133,0.17847528654289113
3965.46,0.0001609758,1.116988e-07,440.01,440.0,0.001609758,0.6165736963339177
6129.15,0.0001609427,1.431301e-07,440.0,440.0,0.001609427,0.6211667082951741
9995.46,0.0001641491,3.007195e-08,440.01,440.0,0.001641491,0.1762412233230673
7434.2,0.0001619719,1.927837e-08,440.0,440.0,0.001619719,0.47835317625510165
9518.39,0.0001641081,3.398513e-08,439.99,440.0,0.001641081,0.1819304526406366
6027.48,0.0001614144,9.656569e-08,440.0,440.0,0.001614144,0.5557128188049845
7808.48,0.0001627605,1.279785e-07,439.99,440.0,0.001627605,0.36892570699081423
8558.65,0.0001644241,6.967384e-09,439.99,440.0,0.0016442409999999,0.13808175838953154
6247.97,0.0001606131,1.495512e-08,440.0,440.0,0.001606131,0.6669025615408111
3356.92,0.0001594289,6.663908e-08,439.99,440.0,0.0015942889999999,0.8312241556365002
9944.31,0.0001641217,2.902508e-08,440.0,440.0,0.001641217,0.1800432936474918
6758.45,0.0001606425,3.135194e-08,440.0,440.0,0.0016064249999999,0.6628229678364304
7332.97,0.0001617491,8.608136e-09,440.0,440.0,0.001617491,0.5092692809369205
2161.87,0.0001597599,1.489164e-07,440.0,440.0,0.001597599,0.7852940360225378
7299.37,0.0001617985,5.781628e-08,440.01,440.0,0.001617985,0.5024144534177023
9417.77,0.0001640966,7.649575e-08,440.0,440.0,0.001640966,0.1835262120833692
4068.12,0.0001603217,1.775168e-08,440.0,440.0,0.0016032169999999,0.7073377182041487
5570.79,0.0001624284,2.745004e-07,440.0,440.0,0.001624284,0.4150084644631332
9892.96,0.0001641731,1.261789e-08,440.0,440.0,0.001641731,0.17291094274692745
8065.14,0.0001626681,1.147223e-07,440.0,440.0,0.0016266809999999,0.381747287210335
8473.55,0.0001644829,1.728487e-08,440.01,440.0,0.001644829,0.12992257097660595
6875.72,0.000160726,2.01825e-08,440.01,440.0,0.00160726,0.6512363666638942
7265.95,0.0001621955,7.092234e-07,440.0,440.0,0.001621955,0.44732606222074317
9111.47,0.0001642727,9.322017e-09,440.01,440.0,0.001642727,0.15909027835595155
8869.82,0.0001643214,2.703167e-08,439.99,440.0,0.0016432139999999,0.15233258402159128
5824.33,0.0001613206,1.26977e-07,440.0,440.0,0.0016132059999999,0.5687286653914467
3575.71,0.000159998,6.454284e-08,440.01,440.0,0.00159998,0.7522548774734288
3592.66,0.0001600293,9.686766e-08,440.0,440.0,0.001600293,0.7479116365553807
7249.05,0.0001609532,1.967401e-08,440.0,440.0,0.0016095319999999,0.6197097105445032
5841.3,0.0001615034,6.054053e-08,440.0,440.0,0.001615034,0.5433630283351385
8904.05,0.0001643069,1.390803e-08,440.0,440.0,0.001643069,0.15434462853495462
9586.39,0.0001641508,1.859988e-08,440.01,440.0,0.001641508,0.17600532844892192
4286.74,0.000162242,9.28954e-08,439.99,440.0,0.0016224199999999,0.44087364360586107
8048.19,0.0001628126,3.141196e-08,440.0,440.0,0.001628126,0.36169622290678216
1319.97,0.0001585297,2.553016e-08,440.0,440.0,0.0015852969999999,0.9559986678891573
7552.85,0.0001615045,3.519233e-08,440.01,440.0,0.001615045,0.5432103904753979
1943.86,0.0001589847,3.047786e-08,440.01,440.0,0.001589847,0.8928620986318123
4554.92,0.0001604329,4.015927e-08,440.0,440.0,0.0016043289999999,0.6919074182013712
8817.11,0.000164324,2.954469e-08,440.0,440.0,0.00164324,0.15197180362445617
7825.79,0.0001627662,1.731453e-07,440.0,440.0,0.001627662,0.36813476535398243
8712.53,0.0001640915,1.31927e-07,440.0,440.0,0.001640915,0.18423389670579926
7163.91,0.0001608257,1.865506e-08,439.99,440.0,0.0016082569999999,0.6374018261052394
1420.46,0.0001585464,2.79054e-08,440.01,440.0,0.001585464,0.9536813476535416
5587.69,0.0001626388,3.84996e-07,440.01,440.0,0.0016263879999999,0.38581300474703983
1706.35,0.0001587839,3.191812e-08,440.0,440.0,0.001587839,0.9207254461188374
6553.77,0.0001602957,8.934459e-08,440.0,440.0,0.001602957,0.7109455221602446
9128.58,0.0001642542,1.694304e-08,440.0,440.0,0.001642542,0.16165736963339147
4303.57,0.0001623199,9.106707e-08,439.99,440.0,0.001623199,0.43006410790109073
6044.36,0.0001614739,5.229075e-08,440.0,440.0,0.001614739,0.5474564982099752
3121.37,0.0001596032,5.614228e-08,439.99,440.0,0.001596032,0.8070379929509068
8456.66,0.000164449,2.416149e-08,439.99,440.0,0.00164449,0.13462659229040197
6961.19,0.0001618772,1.559443e-07,439.99,440.0,0.001618772,0.4914939083617794
1521.93,0.0001597722,1.598991e-07,439.99,440.0,0.0015977219999999,0.7835872672286526
2903.11,0.0001596791,1.482078e-08,440.0,440.0,0.001596791,0.7965059806288698
3897.37,0.0001611974,3.268775e-08,440.0,440.0,0.001611974,0.5858241056809055
5010.2,0.0001597223,6.461003e-08,439.98,440.0,0.001597223,0.7905114755918193
7705.75,0.0001621915,1.47756e-07,440.0,440.0,0.0016219149999999,0.44788110898481975
1960.68,0.0001589564,2.998592e-08,439.99,440.0,0.001589564,0.8967890544778424
4790.61,0.0001601253,7.112907e-08,440.0,440.0,0.001601253,0.7345905142508274
1403.78,0.0001585599,2.377884e-08,440.0,440.0,0.001585599,0.9518080648294628
1286.53,0.0001585501,3.038805e-08,439.98,440.0,0.001585501,0.9531679293980531
4504.45,0.0001607701,9.940987e-08,440.0,440.0,0.001607701,0.6451169761052381
2112.3,0.0001591623,6.038589e-08,440.0,440.0,0.001591623,0.8682180223683872
4706.52,0.0001599855,2.484284e-08,440.01,440.0,0.001599855,0.753989398606833
7843.02,0.0001627237,1.035192e-07,440.0,440.0,0.001627237,0.3740321372075622
5111.74,0.0001598447,4.524513e-08,440.01,440.0,0.0015984469999999,0.7735270446549003
7349.73,0.0001617722,1.073727e-08,439.99,440.0,0.001617722,0.5060638858823863
2580.31,0.0001592884,2.436391e-08,439.99,440.0,0.001592884,0.8507201731745925
9790.11,0.0001640654,3.172171e-08,440.0,440.0,0.001640654,0.18785557683234827
4891.52,0.0001602316,2.689568e-08,439.99,440.0,0.001602316,0.7198401465323482
1386.76,0.0001585146,3.378428e-08,440.0,440.0,0.001585146,0.9580939694169255
8592.78,0.000164371,3.535848e-08,440.0,440.0,0.0016437099999999,0.14545000416423826
5739.78,0.0001614458,7.309628e-08,440.0,440.0,0.001614458,0.5513557017178705
6469.04,0.0001603246,6.704758e-08,440.0,440.0,0.001603246,0.7069353092998097
1087.12,0.0001592258,3.799649e-08,439.99,440.0,0.001592258,0.8594066550106855
2954.1,0.0001596775,3.136258e-08,440.01,440.0,0.001596775,0.7967279993339462
1756.97,0.0001588233,6.862304e-08,440.01,440.0,0.0015882329999999,0.9152582355077317
6656.01,0.000160443,3.366502e-08,440.01,440.0,0.00160443,0.690505925124193
6010.49,0.0001613371,7.203155e-08,440.0,440.0,0.001613371,0.5664390974939659
1269.88,0.0001585879,3.18554e-08,440.0,440.0,0.001585879,0.9479227374906335
9484.92,0.0001640849,2.6451e-08,440.01,440.0,0.001640849,0.18514972386423673
7518.72,0.0001614767,9.455751e-08,439.99,440.0,0.001614767,0.5470679654760923
1053.61,0.0001590614,3.986143e-08,440.0,440.0,0.001590614,0.8822190769572356
5875.14,0.0001612366,5.02885e-08,440.0,440.0,0.001612366,0.5803846474065445
7620.93,0.0001612223,5.826577e-08,440.0,440.0,0.001612223,0.5823689395831599
2011.35,0.0001591319,2.66185e-08,440.0,440.0,0.001591319,0.8724363777648296
2851.47,0.0001596088,2.30497e-08,440.01,440.0,0.0015960879999999,0.806260927484528
7316.12,0.0001617372,4.469352e-08,440.0,440.0,0.001617372,0.5109205450559229
6842.22,0.0001607237,2.796843e-08,439.99,440.0,0.001607237,0.6515555185524383
1487.87,0.0001596584,1.051858e-07,440.0,440.0,0.0015965839999999,0.7993783476271751
4942.23,0.0001599478,7.847972e-08,439.99,440.0,0.0015994779999999,0.7592207143465737
4538.31,0.0001603924,2.723641e-08,439.99,440.0,0.001603924,0.6975272666722176
1436.92,0.0001585086,1.460746e-08,440.0,440.0,0.001585086,0.9589265395609582
1120.37,0.0001592002,1.073963e-07,440.0,440.0,0.001592002,0.8629589542919017
4051.21,0.0001603941,2.024544e-08,440.0,440.0,0.0016039409999999,0.6972913717994624
9282.94,0.0001640885,1.782165e-08,439.99,440.0,0.001640885,0.1846501817778171
2817.74,0.0001595163,4.114487e-08,439.99,440.0,0.001595163,0.8190963838703436
1622.84,0.0001595043,7.772323e-08,440.01,440.0,0.001595043,0.820761524158412
3643.48,0.0001602004,2.19848e-07,440.0,440.0,0.001602004,0.7241695112813272
9552.3,0.0001641076,2.194032e-08,439.99,440.0,0.001641076,0.1819998334859724
2987.35,0.0001596255,4.09939e-08,440.0,440.0,0.001596255,0.8039436072489123
2920.53,0.0001596832,2.011522e-08,440.0,440.0,0.0015968319999999,0.7959370576984985
5722.81,0.000161437,7.118833e-08,440.0,440.0,0.00161437,0.5525768045957891
4420.55,0.0001614787,1.550857e-07,439.99,440.0,0.001614787,0.546790442094749
3948.4,0.0001610435,5.549424e-08,440.0,440.0,0.001610435,0.6071795298753946
4672.67,0.0001600603,3.726497e-08,439.99,440.0,0.001600603,0.7436100241445366
8852.29,0.0001642133,2.024324e-08,439.99,440.0,0.0016421329999999,0.16733272278328193
3424.26,0.0001596752,3.125451e-08,440.0,440.0,0.001596752,0.7970471512224934
4269.78,0.0001618891,8.335546e-07,440.0,440.0,0.001618891,0.48984264424278
7739.93,0.0001628536,7.304215e-08,440.01,440.0,0.001628536,0.35600699358920984
7945.0,0.0001634798,6.51985e-08,440.0,440.0,0.001634798,0.2691144228901293
4857.82,0.0001602644,3.964902e-08,439.99,440.0,0.0016026439999999,0.7152887630796798
5214.43,0.0001599806,4.278162e-08,440.01,440.0,0.001599806,0.7546693308911281
5402.62,0.0001598732,4.756002e-08,440.01,440.0,0.001598732,0.7695723364693481
9146.29,0.0001642086,1.945479e-08,440.0,440.0,0.001642086,0.16798490272805502
3373.82,0.0001595359,3.886001e-08,440.0,440.0,0.001595359,0.8163766547331631
7671.89,0.0001624553,2.631552e-07,440.0,440.0,0.001624553,0.41127577498404455
2128.85,0.0001593966,1.84291e-07,440.0,440.0,0.001593966,0.8357061582438328
5942.74,0.0001613335,5.064967e-08,440.0,440.0,0.001613335,0.5669386395803855
3829.45,0.0001617195,3.514178e-08,439.99,440.0,0.001617195,0.5133766269808231
4168.76,0.0001601745,1.999583e-08,439.99,440.0,0.001601745,0.7277634390697443
9535.13,0.0001641611,2.726597e-08,440.02,440.0,0.0016416109999999,0.17457608303638297
7860.28,0.0001625641,7.770807e-08,439.99,440.0,0.001625641,0.39617850303888313
5180.15,0.0001600146,5.050457e-08,440.0,440.0,0.001600146,0.7499514334082661
4252.83,0.0001603049,1.913955e-08,440.01,440.0,0.001603049,0.7096689146060562
2362.13,0.0001600502,1.182801e-07,440.0,440.0,0.001600502,0.7450115172203278
2834.59,0.0001595961,4.131841e-08,440.0,440.0,0.001595961,0.808023200954683
9094.3,0.0001642353,1.863718e-08,440.0,440.0,0.001642353,0.16427996558710126
3441.07,0.0001597682,8.152546e-08,440.0,440.0,0.001597682,0.7841423139899549
2546.45,0.0001593422,3.579199e-08,440.0,440.0,0.001593422,0.843254794216415
3558.92,0.0001600143,6.012773e-08,439.99,440.0,0.001600143,0.749993061915467
5300.18,0.0001600088,4.550653e-08,439.99,440.0,0.001600088,0.7507562512141669
8184.8,0.0001625885,3.805624e-08,440.0,440.0,0.001625885,0.39279271778647346
8990.54,0.0001641617,1.170992e-08,440.0,440.0,0.001641617,0.1744928260205941
8938.52,0.00016421,1.68193e-08,440.0,440.0,0.0016421,0.16779063636111358
2395.53,0.0001599928,1.099473e-07,440.0,440.0,0.001599928,0.7529764382649248
2732.64,0.0001594517,3.495092e-08,440.0,440.0,0.001594517,0.8280603890877829
3779.17,0.0001618111,7.965265e-08,440.0,440.0,0.001618111,0.5006660561152292
3745.4,0.0001612543,4.635623e-08,439.99,440.0,0.001612543,0.5779285654816443
4353.77,0.0001614803,1.145019e-07,439.99,440.0,0.001614803,0.5465684233896727
6179.84,0.0001605464,5.030176e-08,439.99,440.0,0.001605464,0.6761579663086625
2245.47,0.000159215,9.702348e-08,440.0,440.0,0.00159215,0.8609052812699474
6622.04,0.0001604811,2.567511e-08,440.0,440.0,0.001604811,0.6852191047095726
5197.54,0.0001599135,6.682855e-08,439.98,440.0,0.001599135,0.7639802403352495
9603.26,0.0001641242,2.096452e-08,440.0,440.0,0.0016412419999999,0.17969638942219687
3003.88,0.000159637,1.651262e-08,440.0,440.0,0.00159637,0.8023478478061797
8422.73,0.0001644964,2.159321e-08,440.01,440.0,0.001644964,0.12804928815252709
6434.94,0.0001603329,3.603841e-08,440.0,440.0,0.001603329,0.7057835872672299
18071.2,0.0001609547,2.955992e-08,440.0,440.0,0.001609547,0.6195015680071057
15099.5,0.0001629556,8.77119e-08,440.0,440.0,0.0016295559999999,0.34185330114201096
89823.1,0.0001642159,1.902893e-08,440.0,440.0,0.001642159,0.16697194238614682
94452.4,0.0001638708,1.499481e-08,440.0,440.0,0.001638708,0.21485860183720584
84217.4,0.000164282,1.99722e-08,439.99,440.0,0.00164282,0.1577997946327001
69129.0,0.0001640919,3.871549e-09,440.0,440.0,0.001640919,0.1841783920295294
12273.7,0.0001629715,3.415732e-08,440.0,440.0,0.001629715,0.3396469902589319
24709.2,0.0001626524,2.240635e-08,440.0,440.0,0.001626524,0.3839258457525049
30608.5,0.0001622931,1.81503e-08,440.0,440.0,0.001622931,0.4337829212111135
29440.9,0.0001625147,1.543481e-08,439.99,440.0,0.001625147,0.40303333055810125
46956.8,0.0001630428,7.219387e-08,440.0,440.0,0.001630428,0.3297532817139862
78272.7,0.0001641691,1.577938e-08,440.0,440.0,0.001641691,0.17346598950961692
33045.1,0.0001628282,1.806039e-08,439.99,440.0,0.001628282,0.35953154053229114
39750.7,0.00016224,9.092121e-09,440.0,440.0,0.0016224,0.4411511669858202
63714.8,0.0001652089,5.905073e-08,440.0,440.0,0.001652089,0.029181583548414578
54586.6,0.0001636119,3.579091e-08,440.0,440.0,0.001636119,0.25078400355230185
58242.5,0.0001636591,9.85957e-09,440.0,440.0,0.001636591,0.2442344517525619
96009.4,0.0001617879,2.605742e-08,440.0,440.0,0.001617879,0.5038853273388293
66957.4,0.0001648037,4.249457e-08,440.0,440.0,0.001648037,0.08540782060888762
10405.1,0.0001642483,5.078943e-08,440.0,440.0,0.001642483,0.16247606360836123
89944.1,0.0001645247,6.056218e-09,440.01,440.0,0.001645247,0.12412233230649691
19292.3,0.0001613259,5.613961e-08,440.0,440.0,0.001613259,0.5679932284294976
11357.8,0.0001632929,9.360728e-08,440.01,440.0,0.001632929,0.29504898287680886
60532.8,0.000163861,7.133645e-09,440.0,440.0,0.00163861,0.21621846640579612
68864.8,0.000164294,6.531973e-09,440.0,440.0,0.0016429399999999,0.1561346543460158
23009.6,0.0001631138,6.430448e-08,440.01,440.0,0.0016311379999999,0.3199012016776315
70586.6,0.0001640666,1.717362e-08,440.0,440.0,0.001640666,0.18768906280354172
55058.7,0.0001636232,2.182659e-08,440.0,440.0,0.0016362319999999,0.24921599644908826
79405.0,0.0001637666,5.481281e-09,440.01,440.0,0.0016376659999999,0.2293175700066631
57512.4,0.0001635036,3.047112e-08,439.99,440.0,0.0016350359999999,0.2658118946535145
97516.2,0.0001628462,9.784341e-09,440.0,440.0,0.001628462,0.357033830100187
21296.8,0.000162113,5.690343e-08,440.0,440.0,0.00162113,0.4587739017012206
49209.9,0.000163511,1.371941e-08,440.0,440.0,0.00163511,0.2647850581411503
36289.8,0.0001621814,1.33849e-08,440.0,440.0,0.001621814,0.44928260205922377
67185.8,0.0001645715,2.007901e-08,440.01,440.0,0.001645715,0.11762828518302682
72809.9,0.0001643919,1.570173e-08,440.0,440.0,0.0016439189999999,0.14254988482918524
33453.7,0.0001624161,3.632095e-08,440.0,440.0,0.001624161,0.41671523325840254
31169.9,0.0001623362,1.281319e-08,440.0,440.0,0.001623362,0.427802292343132
40880.8,0.0001621029,2.12365e-08,440.0,440.0,0.001621029,0.46017539477701175
49336.9,0.000163507,1.2202e-08,440.0,440.0,0.00163507,0.26534010490383975
29921.6,0.0001623068,7.800285e-09,440.01,440.0,0.001623068,0.4318818860488997
12599.6,0.0001627298,1.855489e-07,440.0,440.0,0.001627298,0.3731856908944605
19969.4,0.0001613805,2.298429e-08,439.99,440.0,0.001613805,0.5604168401187805
99261.7,0.0001629678,4.914785e-08,440.0,440.0,0.001629678,0.34016040851441753
71392.5,0.0001640786,7.042727e-09,440.0,440.0,0.001640786,0.1860239225154733
71193.6,0.0001641523,2.84685e-08,440.0,440.0,0.001641523,0.17579718591291452
79838.9,0.0001638093,1.624842e-08,440.0,440.0,0.001638093,0.22339244581356132
18644.4,0.0001613826,3.836434e-08,440.0,440.0,0.001613826,0.5601254405683683
73977.7,0.0001642427,2.546915e-08,440.0,440.0,0.001642427,0.16325312907612707
61976.4,0.0001653817,9.510813e-09,440.01,440.0,0.001653817,0.005203563400218665
20183.9,0.0001614962,2.847143e-08,440.0,440.0,0.001614962,0.5443621125079807
13908.9,0.0001628018,6.212139e-08,440.0,440.0,0.001628018,0.36319484916604405
73746.8,0.0001644109,1.631938e-08,440.0,440.0,0.001644109,0.13991341270502242
70881.4,0.000164142,1.872016e-08,440.0,440.0,0.0016414199999999,0.17722643132822768
43601.5,0.0001628697,3.227675e-08,440.01,440.0,0.001628697,0.353772930369386
18470.5,0.0001612057,3.256805e-08,440.01,440.0,0.001612057,0.5846723836483226
43216.7,0.0001628833,2.748757e-08,440.0,440.0,0.001628833,0.3518857713762382
87833.8,0.0001641603,1.996135e-08,439.99,440.0,0.001641603,0.17468709238753558
41874.0,0.0001624313,3.853152e-08,440.0,440.0,0.001624313,0.4146060555601814
38128.0,0.000162423,7.726146e-08,440.0,440.0,0.00162423,0.41575777759276417
35879.7,0.0001623117,3.252367e-08,440.0,440.0,0.0016231169999999,0.43120195376599474
94399.1,0.0001638581,9.515484e-09,440.0,440.0,0.001638581,0.216620875308745
30906.3,0.0001623574,1.242936e-08,440.0,440.0,0.001623574,0.42486054450087507
65662.7,0.0001651548,1.810954e-08,440.0,440.0,0.001651548,0.03668859101379288
27556.7,0.0001625854,8.656404e-09,440.0,440.0,0.001625854,0.39322287902756026
72875.6,0.0001644145,8.181958e-09,440.01,440.0,0.001644145,0.13941387061859978
64015.7,0.0001651969,2.195171e-08,439.99,440.0,0.001651969,0.030846723836482987
44504.8,0.0001631322,1.071655e-08,440.0,440.0,0.001631322,0.3173479865678704
25549.2,0.0001626183,7.689098e-09,440.0,440.0,0.001626183,0.3886576194044359
85583.5,0.0001643749,1.416137e-08,440.0,440.0,0.001643749,0.14490883356923065
92967.2,0.000164073,1.040299e-08,440.0,440.0,0.00164073,0.1868009879832392
65285.5,0.0001651623,2.579427e-08,439.99,440.0,0.001651623,0.03564787833374976
62107.0,0.0001654192,1.36284e-08,440.01,440.0,0.001654192,-0.0
60143.3,0.0001634254,3.553777e-08,439.99,440.0,0.001634254,0.27666305886271153
96477.1,0.0001628359,1.251172e-07,440.0,440.0,0.0016283589999999,0.35846307551550016
94946.8,0.0001637991,2.948239e-08,440.0,440.0,0.0016379909999999,0.22480781505980854
84403.6,0.0001644087,2.706802e-08,440.0,440.0,0.001644087,0.14021868842450055
39254.0,0.0001622682,4.225531e-08,440.0,440.0,0.001622682,0.437238087308856
45097.2,0.000162975,1.537675e-08,440.0,440.0,0.00162975,0.33916132434157825
35094.8,0.0001622196,3.098458e-08,439.99,440.0,0.001622196,0.4439819054755374
58024.0,0.0001637051,2.15636e-08,440.01,440.0,0.001637051,0.23785141398162848
47956.2,0.0001630654,8.531797e-08,440.0,440.0,0.001630654,0.32661726750478787
70154.6,0.0001643734,1.241146e-08,440.0,440.0,0.001643734,0.14511697610523805
87903.2,0.0001642331,3.81006e-08,440.0,440.0,0.001642331,0.16458524130658242
38234.7,0.0001625029,2.676004e-08,440.0,440.0,0.001625029,0.4046707185080347
95184.7,0.0001638449,1.073364e-08,440.0,440.0,0.001638449,0.21845252962562295
21786.2,0.0001619107,4.292383e-08,440.0,440.0,0.0016191069999999,0.48684539172564034
42160.5,0.0001623601,2.613831e-08,440.0,440.0,0.001623601,0.4244858879360611
12891.7,0.0001626374,7.453441e-08,440.0,440.0,0.001626374,0.38600727111259114
42876.4,0.0001627469,3.533789e-08,440.0,440.0,0.0016274689999999,0.3708128659853492
19153.5,0.0001613539,5.796062e-08,439.99,440.0,0.001613539,0.5641079010906683
76744.9,0.0001640124,1.326817e-08,440.0,440.0,0.001640124,0.195209946437989
84522.7,0.0001645351,1.565212e-08,440.0,440.0,0.001645351,0.1226792107235049
69955.6,0.0001644521,1.156095e-08,440.0,440.0,0.001644521,0.13419643104931817
21821.2,0.0001620811,4.240663e-08,439.99,440.0,0.0016208109999999,0.46320039963505755
86784.9,0.0001641351,2.353461e-08,440.0,440.0,0.0016413509999999,0.17818388699386906
97878.8,0.0001628698,3.614784e-09,440.0,440.0,0.001628698,0.35375905420031706
66039.4,0.000164856,1.143095e-08,440.01,440.0,0.00164856,0.07815058418671762
84573.1,0.0001645533,6.600505e-09,440.01,440.0,0.001645533,0.12015374795326586
74325.2,0.0001643369,3.207093e-08,440.0,440.0,0.001643369,0.1501817778147821
60013.1,0.0001633643,1.232928e-08,440.0,440.0,0.001633643,0.28514139816279716
25287.5,0.0001626619,6.798766e-08,440.0,440.0,0.001626619,0.38260760969111857
20791.8,0.0001616362,5.75438e-08,440.0,440.0,0.001616362,0.5249354758138373
34880.4,0.0001624317,1.595863e-08,440.0,440.0,0.001624317,0.4145505508839145
44558.1,0.0001630802,1.170755e-08,440.01,440.0,0.001630802,0.3245635944828365
83743.3,0.0001644338,1.907762e-08,440.0,440.0,0.001644338,0.13673576998862316
97621.7,0.000162955,1.537675e-08,439.99,440.0,0.00162955,0.3419365581550256
94998.9,0.0001638498,1.276976e-08,440.0,440.0,0.001638498,0.2177725973413278
96334.9,0.0001620522,1.144844e-08,439.99,440.0,0.001620522,0.46721061249410234
58850.8,0.0001632884,4.34235e-08,440.0,440.0,0.0016328839999999,0.29567341048622126
10508.4,0.0001641199,2.825853e-08,439.99,440.0,0.0016411989999999,0.18029306469209022
11118.4,0.0001634321,5.689454e-08,440.0,440.0,0.001634321,0.27573335553520506
16045.0,0.0001636948,1.128224e-08,439.99,440.0,0.001636948,0.23928065939555454
67251.5,0.000164538,1.668665e-08,440.0,440.0,0.0016453799999999,0.12227680182194313
23635.9,0.0001629488,2.423404e-08,439.99,440.0,0.001629488,0.34279688063719627
56640.0,0.0001635602,2.014282e-08,440.01,440.0,0.0016356019999999,0.25795798296145417
50882.4,0.0001638028,8.823177e-08,440.0,440.0,0.001638028,0.22429439680293284
67778.2,0.0001646814,1.040513e-08,440.01,440.0,0.001646814,0.10237837537812786
25813.0,0.000162585,1.134313e-08,440.0,440.0,0.00162585,0.3932783837038271
31680.7,0.0001624487,7.528465e-09,440.0,440.0,0.001624487,0.412191602142482
36218.2,0.0001622573,5.209617e-08,440.0,440.0,0.001622573,0.4387505897371868
14809.0,0.0001625448,5.049488e-08,440.0,440.0,0.001625448,0.3988566036688598
98483.1,0.0001626838,7.699928e-09,440.0,440.0,0.001626838,0.37956872866539093
14113.5,0.0001631633,4.505318e-08,440.0,440.0,0.001631633,0.3130324979879573
94126.9,0.0001640118,4.319156e-08,440.0,440.0,0.0016401179999999,0.1952932034537809
60176.3,0.0001637213,1.15955e-08,440.0,440.0,0.001637213,0.23560347459273567
51428.3,0.0001637665,2.815138e-08,439.99,440.0,0.001637665,0.22933144617434198
47557.2,0.0001632742,1.530518e-07,440.0,440.0,0.001632742,0.2976438264923837
36075.2,0.0001624039,2.296592e-08,440.0,440.0,0.0016240389999999,0.41840812588599596
88141.0,0.0001641345,1.73157e-08,439.99,440.0,0.001641345,0.1782671440068837
31257.9,0.0001623495,1.389844e-08,440.0,440.0,0.001623495,0.42595676185718806
82368.0,0.0001642906,4.076e-08,440.01,440.0,0.001642906,0.1566064440929164
20095.6,0.0001614123,3.046327e-08,440.0,440.0,0.001614123,0.5560042183553967
46324.5,0.0001634583,1.275452e-08,440.01,440.0,0.001634583,0.2720977992395871
58005.2,0.0001636703,9.129318e-09,440.0,440.0,0.001636703,0.24268032081703017
50536.0,0.00016369,3.096234e-08,440.0,440.0,0.0016369,0.23994671551078373
49373.3,0.0001634969,1.346147e-08,440.0,440.0,0.001634969,0.2667415979796309
71623.9,0.0001644113,3.431245e-08,440.0,440.0,0.001644113,0.13985790802875256
39308.5,0.0001622364,3.699309e-08,440.0,440.0,0.001622364,0.4416507090722398
23759.8,0.0001628644,1.490861e-08,440.0,440.0,0.001628644,0.35450836732994795
63388.8,0.0001651332,1.152582e-08,440.0,440.0,0.001651332,0.03968584353231963
10576.1,0.0001640637,1.579064e-08,440.0,440.0,0.001640637,0.18809147170649362
92450.6,0.0001640911,2.436505e-08,439.99,440.0,0.001640911,0.1842894013820661
47974.4,0.0001631989,6.178538e-08,440.0,440.0,0.001631989,0.3080925818000189
81119.2,0.0001638439,1.165666e-08,440.0,440.0,0.001638439,0.21859129131629457
27820.3,0.0001626468,1.445145e-08,440.01,440.0,0.0016264679999999,0.3847029112216579
32019.6,0.0001624876,2.126656e-08,440.01,440.0,0.001624876,0.4067937723753249
18140.8,0.0001610303,1.998916e-08,440.0,440.0,0.001610303,0.6090111841922695
54895.7,0.0001637026,9.227977e-09,440.01,440.0,0.0016370259999999,0.23819831820969764
29653.8,0.0001623452,1.308774e-08,440.0,440.0,0.001623452,0.42655343712707844
50061.9,0.0001637988,1.873084e-08,440.0,440.0,0.001637988,0.2248494435656223
69939.0,0.0001644479,1.731056e-08,440.0,440.0,0.001644479,0.13477923015014256
93805.0,0.0001639408,7.220926e-08,439.99,440.0,0.001639408,0.20514528349013564
69195.3,0.0001640481,6.332456e-09,440.0,440.0,0.001640481,0.19025615408098165
82865.4,0.0001644651,8.0886e-08,440.0,440.0,0.001644651,0.13239252907057514
94194.5,0.0001639453,1.454533e-08,440.0,440.0,0.001639453,0.20452085588211036
55222.6,0.0001635459,7.549099e-09,440.0,440.0,0.001635459,0.2599422751366826
74671.1,0.0001642334,5.337498e-09,440.0,440.0,0.001642334,0.1645436127993785
14997.0,0.0001622731,1.06493e-07,439.99,440.0,0.001622731,0.43655815502456086
33383.3,0.0001624854,1.346766e-08,440.0,440.0,0.001624854,0.407099048094803
41384.8,0.0001622462,2.080491e-08,440.0,440.0,0.0016224619999999,0.4402908445050397
67384.0,0.0001644538,6.908931e-09,440.01,440.0,0.001644538,0.1339605361751728
70038.1,0.0001644327,4.868732e-08,440.0,440.0,0.001644327,0.13688840784836373
85786.7,0.0001643446,1.369671e-08,440.0,440.0,0.001643446,0.14911331279660406
58390.1,0.000163639,2.255364e-08,440.0,440.0,0.00163639,0.2470235617350782
80501.2,0.0001638112,1.653817e-08,440.0,440.0,0.001638112,0.22312879860128407
50864.1,0.0001636958,1.278715e-08,440.0,440.0,0.001636958,0.23914189770488292
93496.0,0.000164079,1.526798e-08,440.0,440.0,0.00164079,0.18596841783920348
50663.4,0.000163706,1.579733e-08,440.0,440.0,0.00163706,0.23772652846002282
30467.5,0.0001622834,1.120714e-08,440.0,440.0,0.0016228339999999,0.4351289096120249
76611.5,0.0001641212,1.276976e-08,440.0,440.0,0.001641212,0.1801126744928276
82848.8,0.0001643874,2.0887e-08,439.99,440.0,0.001643874,0.1431743124358234
69492.9,0.000164075,1.775763e-08,440.0,440.0,0.0016407499999999,0.18652346460328006
59842.1,0.0001636584,8.591986e-09,440.0,440.0,0.001636584,0.24433158493603263
93907.0,0.0001640559,2.299009e-08,440.0,440.0,0.001640559,0.18917381289373764
38858.3,0.0001624341,7.552991e-08,440.01,440.0,0.0016243409999999,0.41421752282768554
73386.6,0.0001642697,2.932216e-08,439.99,440.0,0.001642697,0.1595065634279694
68140.2,0.000164289,3.432524e-08,440.0,440.0,0.00164289,0.15682846279799278
78404.9,0.0001638787,1.91952e-08,440.0,440.0,0.001638787,0.21376238448089288
42804.2,0.0001627155,3.15885e-08,440.0,440.0,0.001627155,0.375169983071076
81052.4,0.0001639718,9.670114e-09,440.0,440.0,0.001639718,0.20084367107928847
49391.7,0.0001635008,1.744706e-08,440.0,440.0,0.0016350079999999,0.26620042738739746
15957.9,0.0001636015,6.334956e-08,440.0,440.0,0.0016360149999999,0.252227125136681
39272.2,0.0001622624,2.359944e-08,440.0,440.0,0.0016226239999999,0.43804290511614385
88634.7,0.000164113,1.631632e-08,439.98,440.0,0.00164113,0.18125052035634148
71706.6,0.0001644063,9.345825e-09,440.0,440.0,0.0016440629999999,0.14055171648350376
93736.0,0.0001639165,1.052246e-08,440.0,440.0,0.001639165,0.20851719257347634
26395.7,0.000162456,2.909754e-08,440.0,440.0,0.00162456,0.4111786418005738
41731.7,0.0001621195,1.690661e-08,440.0,440.0,0.001621195,0.4578719507118491
73647.6,0.0001642834,4.133925e-08,440.0,440.0,0.001642834,0.15760552826575863
43288.0,0.0001630096,9.347608e-09,440.0,440.0,0.001630096,0.3343601698443115
90359.0,0.0001645854,1.476633e-08,440.0,440.0,0.001645854,0.11569949768268113
35666.3,0.0001623056,2.20716e-08,440.0,440.0,0.0016230559999999,0.4320484000790964
47174.6,0.0001633336,3.674414e-07,440.0,440.0,0.001633336,0.2894013820664404
64892.7,0.0001650358,1.15931e-08,440.0,440.0,0.001650358,0.05320123220381438
93069.0,0.0001641678,1.709321e-08,440.0,440.0,0.001641678,0.17364637970749244
41276.3,0.0001622399,1.267061e-08,440.0,440.0,0.001622399,0.44116504315488614
80385.0,0.0001638556,1.123684e-08,440.0,440.0,0.001638556,0.21696777953542704
11442.8,0.0001635366,1.285129e-08,440.0,440.0,0.001635366,0.261232758859934
25252.5,0.0001626054,3.030292e-08,440.0,440.0,0.001626054,0.3904476452141099
52576.8,0.0001636129,2.156875e-08,440.01,440.0,0.001636129,0.25064524186162723
98260.6,0.000162832,1.018714e-08,440.01,440.0,0.00162832,0.35900424610773657
84589.7,0.0001646103,1.546466e-07,440.0,440.0,0.001646103,0.11224433158493566
35041.4,0.0001623832,5.070569e-08,439.98,440.0,0.001623832,0.42128049288152697
71971.6,0.0001643575,1.195594e-08,440.0,440.0,0.001643575,0.14732328698692998
98673.2,0.000163455,8.550504e-09,440.0,440.0,0.00163455,0.27255571281880586
76628.1,0.0001640826,4.315141e-08,440.01,440.0,0.001640826,0.18546887575278384
62042.1,0.0001654123,8.590046e-09,440.0,440.0,0.001654123,0.0009574556656413658
11828.0,0.0001635408,2.748656e-08,440.01,440.0,0.001635408,0.26064995975910965
53146.4,0.000163313,1.450387e-07,440.0,440.0,0.00163313,0.29225987289429256
36307.7,0.0001621593,1.129454e-08,440.01,440.0,0.001621593,0.4523492354230863
52815.6,0.000163494,5.558977e-08,440.02,440.0,0.00163494,0.2671440068825798
56711.7,0.0001635371,1.58286e-08,440.0,440.0,0.001635371,0.2611633780145982
91202.4,0.0001640152,1.167904e-08,440.01,440.0,0.001640152,0.19482141370410608
97448.4,0.0001628176,1.682723e-08,440.0,440.0,0.001628176,0.3610024144534181
99313.4,0.000162673,2.024846e-08,440.01,440.0,0.00162673,0.38106735492465277
17057.6,0.0001619016,7.337453e-08,440.01,440.0,0.001619016,0.4881081231093728
25497.1,0.0001626852,4.001055e-08,440.0,440.0,0.0016268519999999,0.37937446229983657
34898.5,0.000162419,2.37206e-08,440.01,440.0,0.00162419,0.41631282435545364
98967.9,0.0001629741,2.628369e-07,439.99,440.0,0.001629741,0.3392862098631809
10148.7,0.0001642244,2.907538e-08,440.01,440.0,0.001642244,0.16579246801543207
52779.3,0.0001633745,1.119169e-07,440.0,440.0,0.0016337449999999,0.28372602891932414
17336.2,0.0001612171,6.810033e-08,439.99,440.0,0.001612171,0.583090500374659
43002.7,0.0001628057,1.238323e-08,440.0,440.0,0.001628057,0.36265367857242053
89617.5,0.0001641266,2.964306e-08,439.99,440.0,0.001641266,0.1793633613631967
41042.6,0.0001621874,1.67013e-08,440.01,440.0,0.001621874,0.44845003191519106
56146.6,0.0001634799,1.693419e-08,440.0,440.0,0.001634799,0.26910054672106337
50171.2,0.0001638077,1.802498e-08,440.0,440.0,0.001638077,0.22361446451863773
35023.3,0.000162361,2.027588e-08,440.0,440.0,0.00162361,0.42436100241445546
31876.7,0.0001624469,1.281015e-08,439.99,440.0,0.001624469,0.4124413731856933
52339.3,0.0001636567,5.74786e-08,440.0,440.0,0.001636567,0.244567479810175
45619.6,0.0001627926,2.786555e-08,440.0,440.0,0.001627926,0.3644714567202295
12702.6,0.0001628652,4.237085e-08,440.0,440.0,0.001628652,0.3543973579774113
14130.6,0.0001631772,5.557337e-08,440.0,440.0,0.0016317719999999,0.3111037104889987
20826.4,0.0001618232,1.264735e-08,440.0,440.0,0.001618232,0.49898703965809177
71556.4,0.0001644183,1.077085e-08,440.0,440.0,0.001644183,0.13888657619404524
31521.3,0.0001624101,2.108949e-08,440.0,440.0,0.001624101,0.41754780340243824
22711.1,0.0001630199,3.88085e-08,439.99,440.0,0.001630199,0.33293092443038547
11846.1,0.0001635156,2.641632e-08,440.01,440.0,0.001635156,0.264146754364056
29052.6,0.0001622365,8.113774e-09,440.0,440.0,0.001622365,0.44163683290317385
13079.8,0.0001618484,1.12028e-07,439.99,440.0,0.001618484,0.4954902450531484
32107.2,0.0001624516,1.07827e-08,439.99,440.0,0.001624516,0.4117891932395331
71823.1,0.000164362,4.015525e-08,440.0,440.0,0.00164362,0.1466988593789047
32177.8,0.0001623992,1.586611e-08,440.0,440.0,0.0016239919999999,0.4190603058321562
15734.9,0.0001631705,6.565609e-08,440.0,440.0,0.001631705,0.312033413815115
12874.2,0.000162617,1.662428e-07,440.01,440.0,0.00162617,0.38883800960231135
11374.7,0.0001632786,3.599753e-08,440.0,440.0,0.001632786,0.29703327505342436
47047.6,0.0001630625,2.672598e-08,440.0,440.0,0.001630625,0.32701967640773977
22482.2,0.000162962,4.226635e-08,440.0,440.0,0.00162962,0.3409652263203183
84029.5,0.0001643873,1.449943e-08,440.0,440.0,0.001643873,0.14318818860489238
