Time (s),Temperature (K),1/kT (1/eV),Rate (K/min),Current (A),Current Std Dev/Mean,Conductivity (Ohm-cm)^-1,Ea (eV),Reduced Ea
5.00E+01,4.49830E+02,2.58E+01,-1.39E+00,2.20192E-04,1.29349E-03,2.20192E-03,NaN,NaN
5.87E+01,4.49630E+02,2.58E+01,-1.49E+00,2.18934E-04,1.55318E-03,2.18934E-03,NaN,NaN
6.71E+01,4.49420E+02,2.58E+01,-1.22E+00,2.17600E-04,1.50009E-03,2.17600E-03,5.18E-01,1.34E+01
7.55E+01,4.49250E+02,2.58E+01,-1.21E+00,2.16256E-04,1.88164E-03,2.16256E-03,5.16E-01,1.33E+01
8.54E+01,4.49050E+02,2.58E+01,-9.29E-01,2.15248E-04,1.25669E-03,2.15248E-03,4.98E-01,1.29E+01
9.58E+01,4.48890E+02,2.58E+01,-9.97E-01,2.14172E-04,1.01997E-03,2.14172E-03,4.84E-01,1.25E+01
1.07E+02,4.48700E+02,2.58E+01,-8.72E-01,2.13084E-04,8.77726E-04,2.13084E-03,4.87E-01,1.26E+01
1.20E+02,4.48510E+02,2.59E+01,-1.10E+00,2.11884E-04,9.85813E-04,2.11884E-03,4.68E-01,1.21E+01
1.33E+02,4.48280E+02,2.59E+01,-1.11E+00,2.10650E-04,1.06628E-03,2.10650E-03,4.62E-01,1.19E+01
1.46E+02,4.48040E+02,2.59E+01,-1.01E+00,2.09330E-04,1.17938E-03,2.09330E-03,4.62E-01,1.20E+01
1.56E+02,4.47870E+02,2.59E+01,-1.03E+00,2.08376E-04,9.77399E-04,2.08376E-03,4.84E-01,1.25E+01
1.68E+02,4.47670E+02,2.59E+01,-1.18E+00,2.07168E-04,1.23745E-03,2.07168E-03,5.00E-01,1.29E+01
1.78E+02,4.47470E+02,2.59E+01,-9.49E-01,2.05934E-04,1.32256E-03,2.05934E-03,4.98E-01,1.29E+01
1.91E+02,4.47260E+02,2.59E+01,-1.01E+00,2.04688E-04,9.96687E-04,2.04688E-03,4.88E-01,1.27E+01
2.01E+02,4.47090E+02,2.59E+01,-9.74E-01,2.03770E-04,7.99635E-04,2.03770E-03,4.74E-01,1.23E+01
2.14E+02,4.46880E+02,2.59E+01,-1.10E+00,2.02570E-04,8.74065E-04,2.02570E-03,4.62E-01,1.20E+01
2.25E+02,4.46670E+02,2.60E+01,-1.07E+00,2.01448E-04,1.38701E-03,2.01448E-03,4.64E-01,1.20E+01
2.37E+02,4.46460E+02,2.60E+01,-1.02E+00,2.00356E-04,8.74941E-04,2.00356E-03,4.62E-01,1.20E+01
2.49E+02,4.46260E+02,2.60E+01,-1.01E+00,1.99230E-04,1.26872E-03,1.99230E-03,4.59E-01,1.19E+01
2.60E+02,4.46070E+02,2.60E+01,-1.11E+00,1.98212E-04,1.05290E-03,1.98212E-03,4.66E-01,1.21E+01
2.72E+02,4.45860E+02,2.60E+01,-9.41E-01,1.97162E-04,8.85762E-04,1.97162E-03,4.63E-01,1.20E+01
2.83E+02,4.45680E+02,2.60E+01,-1.03E+00,1.96114E-04,9.61807E-04,1.96114E-03,4.72E-01,1.23E+01
2.95E+02,4.45480E+02,2.60E+01,-9.96E-01,1.95087E-04,1.09390E-03,1.95087E-03,4.80E-01,1.25E+01
3.08E+02,4.45260E+02,2.60E+01,-1.05E+00,1.93853E-04,1.19197E-03,1.93853E-03,4.77E-01,1.24E+01
3.20E+02,4.45050E+02,2.61E+01,-9.38E-01,1.92716E-04,1.06637E-03,1.92716E-03,4.74E-01,1.23E+01
3.32E+02,4.44860E+02,2.61E+01,-1.04E+00,1.91699E-04,1.10292E-03,1.91699E-03,4.58E-01,1.19E+01
3.43E+02,4.44680E+02,2.61E+01,-1.08E+00,1.90816E-04,1.17787E-03,1.90816E-03,4.50E-01,1.17E+01
3.55E+02,4.44450E+02,2.61E+01,-1.06E+00,1.89681E-04,1.03863E-03,1.89681E-03,4.57E-01,1.19E+01
3.66E+02,4.44270E+02,2.61E+01,-9.46E-01,1.88771E-04,1.24698E-03,1.88771E-03,4.71E-01,1.23E+01
3.77E+02,4.44090E+02,2.61E+01,-9.92E-01,1.87760E-04,1.13644E-03,1.87760E-03,4.92E-01,1.28E+01
3.90E+02,4.43870E+02,2.61E+01,-1.03E+00,1.86601E-04,1.08958E-03,1.86601E-03,4.85E-01,1.27E+01
4.02E+02,4.43670E+02,2.61E+01,-1.05E+00,1.85453E-04,1.45912E-03,1.85453E-03,4.87E-01,1.27E+01
4.15E+02,4.43440E+02,2.61E+01,-9.13E-01,1.84384E-04,1.14314E-03,1.84384E-03,4.65E-01,1.22E+01
4.26E+02,4.43280E+02,2.62E+01,-1.03E+00,1.83402E-04,1.16047E-03,1.83402E-03,4.15E-01,1.09E+01
4.37E+02,4.43080E+02,2.62E+01,-1.01E+00,1.82636E-04,4.48820E-04,1.82636E-03,3.82E-01,1.00E+01
4.50E+02,4.42860E+02,2.62E+01,-1.06E+00,1.81855E-04,1.16760E-03,1.81855E-03,3.78E-01,9.90E+00
4.61E+02,4.42680E+02,2.62E+01,-9.73E-01,1.81135E-04,9.92409E-04,1.81135E-03,4.23E-01,1.11E+01
4.72E+02,4.42490E+02,2.62E+01,-9.84E-01,1.80121E-04,9.37776E-04,1.80121E-03,4.52E-01,1.19E+01
4.85E+02,4.42280E+02,2.62E+01,-1.14E+00,1.79040E-04,1.74133E-03,1.79040E-03,4.64E-01,1.22E+01
4.97E+02,4.42060E+02,2.62E+01,-9.37E-01,1.78083E-04,7.28491E-04,1.78083E-03,4.41E-01,1.16E+01
5.08E+02,4.41880E+02,2.62E+01,-1.01E+00,1.77151E-04,8.29527E-04,1.77151E-03,4.22E-01,1.11E+01
5.21E+02,4.41660E+02,2.63E+01,-9.60E-01,1.76267E-04,9.26338E-04,1.76267E-03,4.23E-01,1.11E+01
5.33E+02,4.41470E+02,2.63E+01,-1.06E+00,1.75462E-04,9.76717E-04,1.75462E-03,4.13E-01,1.09E+01
5.45E+02,4.41260E+02,2.63E+01,-9.89E-01,1.74473E-04,1.08980E-03,1.74473E-03,4.11E-01,1.08E+01
5.57E+02,4.41070E+02,2.63E+01,-1.07E+00,1.73690E-04,1.03050E-03,1.73690E-03,4.15E-01,1.09E+01
5.68E+02,4.40860E+02,2.63E+01,-9.67E-01,1.72882E-04,8.81781E-04,1.72882E-03,4.20E-01,1.10E+01
5.80E+02,4.40670E+02,2.63E+01,-1.02E+00,1.71963E-04,1.09617E-03,1.71963E-03,4.44E-01,1.17E+01
5.92E+02,4.40470E+02,2.63E+01,-9.47E-01,1.71053E-04,1.08385E-03,1.71053E-03,4.49E-01,1.18E+01
6.03E+02,4.40290E+02,2.63E+01,-1.03E+00,1.70160E-04,9.32443E-04,1.70160E-03,4.36E-01,1.15E+01
6.16E+02,4.40070E+02,2.63E+01,-9.62E-01,1.69285E-04,9.69253E-04,1.69285E-03,4.34E-01,1.14E+01
6.28E+02,4.39880E+02,2.64E+01,-9.46E-01,1.68449E-04,9.38137E-04,1.68449E-03,4.21E-01,1.11E+01
6.41E+02,4.39680E+02,2.64E+01,-1.09E+00,1.67526E-04,9.16031E-04,1.67526E-03,4.30E-01,1.13E+01
6.52E+02,4.39470E+02,2.64E+01,-9.47E-01,1.66725E-04,9.29568E-04,1.66725E-03,4.32E-01,1.14E+01
6.65E+02,4.39260E+02,2.64E+01,-1.09E+00,1.65761E-04,9.80392E-04,1.65761E-03,4.43E-01,1.17E+01
6.75E+02,4.39080E+02,2.64E+01,-9.97E-01,1.64965E-04,1.02385E-03,1.64965E-03,4.69E-01,1.24E+01
6.89E+02,4.38860E+02,2.64E+01,-1.05E+00,1.63933E-04,1.12705E-03,1.63933E-03,4.72E-01,1.25E+01
7.01E+02,4.38650E+02,2.64E+01,-1.02E+00,1.62899E-04,1.20973E-03,1.62899E-03,4.70E-01,1.24E+01
7.11E+02,4.38480E+02,2.64E+01,-9.17E-01,1.62164E-04,1.12292E-03,1.62164E-03,4.54E-01,1.20E+01
7.24E+02,4.38280E+02,2.65E+01,-1.00E+00,1.61283E-04,9.44596E-04,1.61283E-03,4.36E-01,1.15E+01
7.35E+02,4.38090E+02,2.65E+01,-1.00E+00,1.60504E-04,9.09667E-04,1.60504E-03,4.36E-01,1.15E+01
7.48E+02,4.37870E+02,2.65E+01,-9.75E-01,1.59588E-04,9.97074E-04,1.59588E-03,4.33E-01,1.15E+01
7.60E+02,4.37680E+02,2.65E+01,-1.04E+00,1.58768E-04,1.01350E-03,1.58768E-03,4.33E-01,1.15E+01
7.71E+02,4.37480E+02,2.65E+01,-1.03E+00,1.57955E-04,9.67311E-04,1.57955E-03,4.40E-01,1.17E+01
7.84E+02,4.37260E+02,2.65E+01,-9.73E-01,1.57052E-04,9.91116E-04,1.57052E-03,4.45E-01,1.18E+01
7.96E+02,4.37070E+02,2.65E+01,-1.02E+00,1.56195E-04,1.05260E-03,1.56195E-03,4.56E-01,1.21E+01
8.08E+02,4.36870E+02,2.65E+01,-1.00E+00,1.55344E-04,1.03692E-03,1.55344E-03,4.52E-01,1.20E+01
8.19E+02,4.36680E+02,2.66E+01,-1.07E+00,1.54510E-04,1.09716E-03,1.54510E-03,4.44E-01,1.18E+01
8.31E+02,4.36470E+02,2.66E+01,-9.40E-01,1.53691E-04,1.05361E-03,1.53691E-03,4.39E-01,1.17E+01
8.44E+02,4.36260E+02,2.66E+01,-1.03E+00,1.52804E-04,1.03761E-03,1.52804E-03,4.35E-01,1.16E+01
8.56E+02,4.36060E+02,2.66E+01,-9.81E-01,1.52007E-04,9.33476E-04,1.52007E-03,4.42E-01,1.18E+01
8.68E+02,4.35870E+02,2.66E+01,-9.76E-01,1.51236E-04,9.78637E-04,1.51236E-03,4.34E-01,1.15E+01
8.79E+02,4.35680E+02,2.66E+01,-1.04E+00,1.50437E-04,9.39251E-04,1.50437E-03,4.30E-01,1.14E+01
8.93E+02,4.35450E+02,2.66E+01,-9.81E-01,1.49583E-04,1.10477E-03,1.49583E-03,4.19E-01,1.11E+01
9.03E+02,4.35280E+02,2.66E+01,-1.03E+00,1.48922E-04,6.28877E-04,1.48922E-03,4.15E-01,1.11E+01
9.16E+02,4.35060E+02,2.66E+01,-1.00E+00,1.48122E-04,9.13519E-04,1.48122E-03,4.26E-01,1.13E+01
9.27E+02,4.34870E+02,2.67E+01,-9.68E-01,1.47367E-04,1.00084E-03,1.47367E-03,4.35E-01,1.16E+01
9.39E+02,4.34680E+02,2.67E+01,-1.01E+00,1.46596E-04,1.00968E-03,1.46596E-03,4.51E-01,1.20E+01
9.52E+02,4.34460E+02,2.67E+01,-9.35E-01,1.45713E-04,1.00347E-03,1.45713E-03,4.57E-01,1.22E+01
9.64E+02,4.34280E+02,2.67E+01,-9.47E-01,1.44955E-04,1.03104E-03,1.44955E-03,4.43E-01,1.18E+01
9.75E+02,4.34100E+02,2.67E+01,-1.17E+00,1.44215E-04,9.70981E-04,1.44215E-03,4.36E-01,1.17E+01
9.88E+02,4.33850E+02,2.67E+01,-9.69E-01,1.43345E-04,1.05122E-03,1.43345E-03,4.35E-01,1.16E+01
9.98E+02,4.33680E+02,2.67E+01,-9.88E-01,1.42659E-04,1.07470E-03,1.42659E-03,4.40E-01,1.18E+01
1.01E+03,4.33460E+02,2.67E+01,-1.03E+00,1.41775E-04,1.01174E-03,1.41775E-03,4.56E-01,1.22E+01
1.02E+03,4.33260E+02,2.68E+01,-9.42E-01,1.40996E-04,1.10182E-03,1.40996E-03,4.49E-01,1.20E+01
1.04E+03,4.33070E+02,2.68E+01,-1.04E+00,1.40231E-04,1.00325E-03,1.40231E-03,4.43E-01,1.19E+01
1.05E+03,4.32870E+02,2.68E+01,-9.73E-01,1.39498E-04,1.02416E-03,1.39498E-03,4.40E-01,1.18E+01
1.06E+03,4.32660E+02,2.68E+01,-9.39E-01,1.38702E-04,8.48700E-04,1.38702E-03,4.31E-01,1.16E+01
1.07E+03,4.32480E+02,2.68E+01,-1.05E+00,1.38022E-04,9.85796E-04,1.38022E-03,4.43E-01,1.19E+01
1.08E+03,4.32260E+02,2.68E+01,-9.23E-01,1.37244E-04,1.07967E-03,1.37244E-03,4.50E-01,1.21E+01
1.10E+03,4.32080E+02,2.68E+01,-1.04E+00,1.36477E-04,1.06307E-03,1.36477E-03,4.62E-01,1.24E+01
1.11E+03,4.31880E+02,2.68E+01,-9.59E-01,1.35716E-04,1.04106E-03,1.35716E-03,4.60E-01,1.23E+01
1.12E+03,4.31670E+02,2.69E+01,-1.13E+00,1.34871E-04,1.05175E-03,1.34871E-03,4.50E-01,1.21E+01
1.13E+03,4.31460E+02,2.69E+01,-9.25E-01,1.34148E-04,1.05749E-03,1.34148E-03,4.25E-01,1.14E+01
1.14E+03,4.31280E+02,2.69E+01,-1.08E+00,1.33440E-04,1.03097E-03,1.33440E-03,4.15E-01,1.12E+01
1.15E+03,4.31070E+02,2.69E+01,-9.40E-01,1.32858E-04,9.41808E-04,1.32858E-03,4.10E-01,1.10E+01
1.17E+03,4.30890E+02,2.69E+01,-1.03E+00,1.32144E-04,1.09514E-03,1.32144E-03,4.15E-01,1.12E+01
1.18E+03,4.30690E+02,2.69E+01,-9.53E-01,1.31510E-04,9.68343E-04,1.31510E-03,4.38E-01,1.18E+01
1.19E+03,4.30460E+02,2.69E+01,-9.45E-01,1.30658E-04,1.06748E-03,1.30658E-03,4.37E-01,1.18E+01
1.20E+03,4.30280E+02,2.69E+01,-1.00E+00,1.29980E-04,1.01844E-03,1.29980E-03,4.42E-01,1.19E+01
1.22E+03,4.30080E+02,2.70E+01,-1.08E+00,1.29280E-04,1.07185E-03,1.29280E-03,4.43E-01,1.19E+01
1.23E+03,4.29870E+02,2.70E+01,-9.40E-01,1.28566E-04,1.13619E-03,1.28566E-03,4.39E-01,1.19E+01
1.24E+03,4.29690E+02,2.70E+01,-1.13E+00,1.27866E-04,1.03546E-03,1.27866E-03,4.51E-01,1.22E+01
1.25E+03,4.29470E+02,2.70E+01,-9.20E-01,1.27123E-04,1.16443E-03,1.27123E-03,4.55E-01,1.23E+01
1.26E+03,4.29290E+02,2.70E+01,-9.83E-01,1.26417E-04,9.83736E-04,1.26417E-03,4.50E-01,1.22E+01
1.28E+03,4.29080E+02,2.70E+01,-9.28E-01,1.25686E-04,1.09025E-03,1.25686E-03,4.44E-01,1.20E+01
1.29E+03,4.28900E+02,2.70E+01,-1.10E+00,1.25055E-04,9.47664E-04,1.25055E-03,4.39E-01,1.19E+01
1.30E+03,4.28660E+02,2.70E+01,-9.26E-01,1.24271E-04,1.12824E-03,1.24271E-03,4.39E-01,1.19E+01
1.31E+03,4.28480E+02,2.71E+01,-1.05E+00,1.23597E-04,1.03500E-03,1.23597E-03,4.44E-01,1.20E+01
1.32E+03,4.28280E+02,2.71E+01,-9.85E-01,1.22932E-04,1.09637E-03,1.22932E-03,4.47E-01,1.21E+01
1.34E+03,4.28060E+02,2.71E+01,-1.02E+00,1.22154E-04,1.13650E-03,1.22154E-03,4.39E-01,1.19E+01
1.35E+03,4.27880E+02,2.71E+01,-1.04E+00,1.21556E-04,1.08256E-03,1.21556E-03,4.41E-01,1.19E+01
1.36E+03,4.27680E+02,2.71E+01,-1.01E+00,1.20887E-04,1.06978E-03,1.20887E-03,4.43E-01,1.20E+01
1.37E+03,4.27460E+02,2.71E+01,-9.51E-01,1.20139E-04,1.10295E-03,1.20139E-03,4.42E-01,1.20E+01
1.38E+03,4.27280E+02,2.71E+01,-1.03E+00,1.19505E-04,9.69692E-04,1.19505E-03,4.52E-01,1.23E+01
1.40E+03,4.27060E+02,2.71E+01,-8.61E-01,1.18806E-04,1.12789E-03,1.18806E-03,4.47E-01,1.21E+01
1.41E+03,4.26890E+02,2.72E+01,-1.07E+00,1.18151E-04,1.11237E-03,1.18151E-03,4.40E-01,1.19E+01
1.42E+03,4.26680E+02,2.72E+01,-1.02E+00,1.17520E-04,1.09091E-03,1.17520E-03,4.42E-01,1.20E+01
1.43E+03,4.26480E+02,2.72E+01,-9.91E-01,1.16870E-04,1.09505E-03,1.16870E-03,4.34E-01,1.18E+01
1.44E+03,4.26260E+02,2.72E+01,-1.06E+00,1.16119E-04,1.08272E-03,1.16119E-03,4.47E-01,1.21E+01
1.45E+03,4.26080E+02,2.72E+01,-1.01E+00,1.15552E-04,1.08689E-03,1.15552E-03,4.51E-01,1.23E+01
1.47E+03,4.25860E+02,2.72E+01,-9.94E-01,1.14804E-04,1.04168E-03,1.14804E-03,4.44E-01,1.21E+01
1.48E+03,4.25670E+02,2.72E+01,-9.96E-01,1.14168E-04,1.02194E-03,1.14168E-03,4.48E-01,1.22E+01
1.49E+03,4.25460E+02,2.73E+01,-9.31E-01,1.13534E-04,1.02951E-03,1.13534E-03,4.50E-01,1.23E+01
1.50E+03,4.25280E+02,2.73E+01,-9.42E-01,1.12910E-04,1.06021E-03,1.12910E-03,4.51E-01,1.23E+01
1.52E+03,4.25090E+02,2.73E+01,-1.03E+00,1.12272E-04,1.08770E-03,1.12272E-03,4.56E-01,1.24E+01
1.53E+03,4.24860E+02,2.73E+01,-9.86E-01,1.11554E-04,1.03539E-03,1.11554E-03,4.45E-01,1.22E+01
1.54E+03,4.24670E+02,2.73E+01,-1.06E+00,1.10924E-04,1.05777E-03,1.10924E-03,4.40E-01,1.20E+01
1.55E+03,4.24460E+02,2.73E+01,-1.04E+00,1.10296E-04,1.15180E-03,1.10296E-03,4.34E-01,1.18E+01
1.56E+03,4.24280E+02,2.73E+01,-1.08E+00,1.09729E-04,1.17898E-03,1.09729E-03,4.32E-01,1.18E+01
1.57E+03,4.24070E+02,2.73E+01,-9.54E-01,1.09117E-04,1.06679E-03,1.09117E-03,4.43E-01,1.21E+01
1.59E+03,4.23860E+02,2.74E+01,-9.23E-01,1.08444E-04,1.02703E-03,1.08444E-03,4.46E-01,1.22E+01
1.60E+03,4.23680E+02,2.74E+01,-1.02E+00,1.07852E-04,1.07939E-03,1.07852E-03,4.52E-01,1.24E+01
1.61E+03,4.23480E+02,2.74E+01,-9.74E-01,1.07256E-04,1.07805E-03,1.07256E-03,4.49E-01,1.23E+01
1.62E+03,4.23270E+02,2.74E+01,-9.87E-01,1.06596E-04,1.04737E-03,1.06596E-03,4.46E-01,1.22E+01
1.64E+03,4.23080E+02,2.74E+01,-1.01E+00,1.06004E-04,1.04280E-03,1.06004E-03,4.47E-01,1.22E+01
1.65E+03,4.22880E+02,2.74E+01,-1.02E+00,1.05404E-04,1.13205E-03,1.05404E-03,4.49E-01,1.23E+01
1.66E+03,4.22680E+02,2.74E+01,-9.99E-01,1.04800E-04,1.07020E-03,1.04800E-03,4.56E-01,1.25E+01
1.67E+03,4.22460E+02,2.74E+01,-9.54E-01,1.04102E-04,1.03150E-03,1.04102E-03,4.61E-01,1.27E+01
1.68E+03,4.22300E+02,2.75E+01,-1.04E+00,1.03586E-04,1.12351E-03,1.03586E-03,4.53E-01,1.24E+01
1.70E+03,4.22080E+02,2.75E+01,-1.10E+00,1.02920E-04,1.11702E-03,1.02920E-03,4.45E-01,1.22E+01
1.71E+03,4.21860E+02,2.75E+01,-9.52E-01,1.02310E-04,1.18178E-03,1.02310E-03,4.44E-01,1.22E+01
1.72E+03,4.21670E+02,2.75E+01,-9.61E-01,1.01724E-04,1.11637E-03,1.01724E-03,4.41E-01,1.21E+01
1.73E+03,4.21480E+02,2.75E+01,-1.01E+00,1.01151E-04,1.16705E-03,1.01151E-03,4.51E-01,1.24E+01
1.74E+03,4.21260E+02,2.75E+01,-8.75E-01,1.00546E-04,1.07638E-03,1.00546E-03,4.47E-01,1.23E+01
1.76E+03,4.21090E+02,2.75E+01,-1.02E+00,9.99958E-05,1.06518E-03,9.99958E-04,4.42E-01,1.22E+01
1.77E+03,4.20870E+02,2.75E+01,-1.09E+00,9.93766E-05,1.12344E-03,9.93766E-04,4.48E-01,1.23E+01
1.78E+03,4.20660E+02,2.76E+01,-9.71E-01,9.88026E-05,1.15547E-03,9.88026E-04,4.38E-01,1.21E+01
1.79E+03,4.20500E+02,2.76E+01,-1.13E+00,9.82948E-05,1.17770E-03,9.82948E-04,4.47E-01,1.23E+01
1.80E+03,4.20250E+02,2.76E+01,-9.23E-01,9.76288E-05,1.12192E-03,9.76288E-04,4.57E-01,1.26E+01
1.81E+03,4.20090E+02,2.76E+01,-9.48E-01,9.71252E-05,1.11028E-03,9.71252E-04,4.51E-01,1.25E+01
1.83E+03,4.19880E+02,2.76E+01,-1.01E+00,9.64986E-05,1.10323E-03,9.64986E-04,4.58E-01,1.26E+01
1.84E+03,4.19680E+02,2.76E+01,-9.55E-01,9.59628E-05,1.10728E-03,9.59628E-04,4.42E-01,1.22E+01
1.85E+03,4.19470E+02,2.76E+01,-1.06E+00,9.53474E-05,1.10986E-03,9.53474E-04,4.44E-01,1.23E+01
1.86E+03,4.19260E+02,2.77E+01,-9.25E-01,9.48098E-05,1.10102E-03,9.48098E-04,4.48E-01,1.24E+01
1.88E+03,4.19080E+02,2.77E+01,-1.07E+00,9.42562E-05,1.15638E-03,9.42562E-04,4.50E-01,1.25E+01
1.89E+03,4.18870E+02,2.77E+01,-1.00E+00,9.36934E-05,1.10237E-03,9.36934E-04,4.61E-01,1.28E+01
1.90E+03,4.18680E+02,2.77E+01,-1.04E+00,9.31452E-05,1.15942E-03,9.31452E-04,4.56E-01,1.26E+01
1.91E+03,4.18480E+02,2.77E+01,-9.93E-01,9.25650E-05,1.17589E-03,9.25650E-04,4.59E-01,1.27E+01
1.92E+03,4.18260E+02,2.77E+01,-9.45E-01,9.19694E-05,1.09008E-03,9.19694E-04,4.46E-01,1.24E+01
1.94E+03,4.18080E+02,2.77E+01,-1.05E+00,9.14648E-05,9.39407E-04,9.14648E-04,4.40E-01,1.22E+01
1.95E+03,4.17860E+02,2.77E+01,-9.39E-01,9.09212E-05,1.09576E-03,9.09212E-04,4.51E-01,1.25E+01
1.96E+03,4.17680E+02,2.78E+01,-9.04E-01,9.04156E-05,9.88578E-04,9.04156E-04,4.52E-01,1.25E+01
1.97E+03,4.17490E+02,2.78E+01,-1.04E+00,8.98540E-05,1.15048E-03,8.98540E-04,4.58E-01,1.27E+01
1.98E+03,4.17270E+02,2.78E+01,-1.02E+00,8.92962E-05,9.91713E-04,8.92962E-04,4.49E-01,1.25E+01
2.00E+03,4.17080E+02,2.78E+01,-1.09E+00,8.87824E-05,1.24536E-03,8.87824E-04,4.42E-01,1.23E+01
2.01E+03,4.16870E+02,2.78E+01,-1.05E+00,8.82382E-05,1.23268E-03,8.82382E-04,4.45E-01,1.24E+01
2.02E+03,4.16670E+02,2.78E+01,-1.01E+00,8.77148E-05,1.16323E-03,8.77148E-04,4.51E-01,1.26E+01
2.03E+03,4.16480E+02,2.78E+01,-9.21E-01,8.72200E-05,1.06454E-03,8.72200E-04,4.57E-01,1.27E+01
2.04E+03,4.16310E+02,2.78E+01,-9.85E-01,8.67384E-05,1.03544E-03,8.67384E-04,4.62E-01,1.29E+01
2.06E+03,4.16080E+02,2.79E+01,-9.43E-01,8.61418E-05,1.10318E-03,8.61418E-04,4.55E-01,1.27E+01
2.07E+03,4.15900E+02,2.79E+01,-1.06E+00,8.56530E-05,1.13184E-03,8.56530E-04,4.46E-01,1.24E+01
2.08E+03,4.15670E+02,2.79E+01,-1.02E+00,8.50962E-05,1.09128E-03,8.50962E-04,4.44E-01,1.24E+01
2.09E+03,4.15460E+02,2.79E+01,-9.91E-01,8.45606E-05,1.05544E-03,8.45606E-04,4.47E-01,1.25E+01
2.10E+03,4.15270E+02,2.79E+01,-9.87E-01,8.40740E-05,1.08906E-03,8.40740E-04,4.53E-01,1.26E+01
2.12E+03,4.15080E+02,2.79E+01,-1.07E+00,8.35720E-05,1.11516E-03,8.35720E-04,4.58E-01,1.28E+01
2.13E+03,4.14880E+02,2.79E+01,-9.41E-01,8.30818E-05,1.15534E-03,8.30818E-04,4.31E-01,1.20E+01
2.14E+03,4.14680E+02,2.80E+01,-1.04E+00,8.25480E-05,1.08620E-03,8.25480E-04,4.33E-01,1.21E+01
2.15E+03,4.14460E+02,2.80E+01,-9.57E-01,8.21474E-05,9.21298E-04,8.21474E-04,4.48E-01,1.25E+01
2.16E+03,4.14280E+02,2.80E+01,-9.39E-01,8.16024E-05,1.21603E-03,8.16024E-04,4.58E-01,1.28E+01
2.18E+03,4.14080E+02,2.80E+01,-1.02E+00,8.10676E-05,1.04209E-03,8.10676E-04,4.77E-01,1.33E+01
2.19E+03,4.13870E+02,2.80E+01,-9.93E-01,8.05608E-05,1.13055E-03,8.05608E-04,4.57E-01,1.28E+01
2.20E+03,4.13680E+02,2.80E+01,-1.00E+00,8.00904E-05,1.14161E-03,8.00904E-04,4.56E-01,1.28E+01
2.21E+03,4.13490E+02,2.80E+01,-9.69E-01,7.96236E-05,1.16612E-03,7.96236E-04,4.63E-01,1.30E+01
2.22E+03,4.13310E+02,2.81E+01,-1.02E+00,7.91578E-05,1.17885E-03,7.91578E-04,4.55E-01,1.28E+01
2.24E+03,4.13070E+02,2.81E+01,-1.11E+00,7.85660E-05,1.17331E-03,7.85660E-04,4.46E-01,1.25E+01
2.25E+03,4.12860E+02,2.81E+01,-1.02E+00,7.81020E-05,1.13590E-03,7.81020E-04,4.47E-01,1.26E+01
2.26E+03,4.12670E+02,2.81E+01,-9.07E-01,7.76610E-05,1.08113E-03,7.76610E-04,4.51E-01,1.27E+01
2.27E+03,4.12480E+02,2.81E+01,-1.03E+00,7.71608E-05,1.12302E-03,7.71608E-04,4.61E-01,1.30E+01
2.28E+03,4.12260E+02,2.81E+01,-9.57E-01,7.66544E-05,1.07361E-03,7.66544E-04,4.65E-01,1.31E+01
2.30E+03,4.12080E+02,2.81E+01,-9.61E-01,7.62186E-05,1.07907E-03,7.62186E-04,4.49E-01,1.26E+01
2.31E+03,4.11880E+02,2.81E+01,-1.14E+00,7.57250E-05,1.07782E-03,7.57250E-04,4.51E-01,1.27E+01
2.32E+03,4.11640E+02,2.82E+01,-9.45E-01,7.52168E-05,1.35401E-03,7.52168E-04,4.53E-01,1.27E+01
2.33E+03,4.11470E+02,2.82E+01,-1.02E+00,7.47948E-05,1.20126E-03,7.47948E-04,4.57E-01,1.29E+01
2.34E+03,4.11280E+02,2.82E+01,-1.00E+00,7.43386E-05,1.24863E-03,7.43386E-04,4.67E-01,1.32E+01
2.36E+03,4.11070E+02,2.82E+01,-1.00E+00,7.38446E-05,1.13964E-03,7.38446E-04,4.67E-01,1.32E+01
2.37E+03,4.10860E+02,2.82E+01,-9.16E-01,7.33600E-05,1.14093E-03,7.33600E-04,4.61E-01,1.30E+01
2.38E+03,4.10690E+02,2.82E+01,-1.06E+00,7.29418E-05,1.07532E-03,7.29418E-04,4.56E-01,1.29E+01
2.39E+03,4.10470E+02,2.82E+01,-1.00E+00,7.24674E-05,1.18194E-03,7.24674E-04,4.55E-01,1.28E+01
2.40E+03,4.10280E+02,2.83E+01,-1.00E+00,7.20382E-05,1.11755E-03,7.20382E-04,4.59E-01,1.30E+01
2.42E+03,4.10070E+02,2.83E+01,-9.60E-01,7.15544E-05,1.21339E-03,7.15544E-04,4.65E-01,1.32E+01
2.43E+03,4.09870E+02,2.83E+01,-1.03E+00,7.10764E-05,1.14199E-03,7.10764E-04,4.59E-01,1.30E+01
2.44E+03,4.09680E+02,2.83E+01,-1.04E+00,7.06650E-05,1.05058E-03,7.06650E-04,4.58E-01,1.30E+01
2.45E+03,4.09490E+02,2.83E+01,-8.83E-01,7.02642E-05,1.11639E-03,7.02642E-04,4.52E-01,1.28E+01
2.46E+03,4.09300E+02,2.83E+01,-1.03E+00,6.98150E-05,1.16774E-03,6.98150E-04,4.51E-01,1.28E+01
2.48E+03,4.09080E+02,2.83E+01,-1.04E+00,6.93512E-05,1.09958E-03,6.93512E-04,4.57E-01,1.29E+01
2.49E+03,4.08860E+02,2.84E+01,-9.46E-01,6.88858E-05,1.10477E-03,6.88858E-04,4.61E-01,1.31E+01
2.50E+03,4.08680E+02,2.84E+01,-1.01E+00,6.84676E-05,1.15944E-03,6.84676E-04,4.70E-01,1.33E+01
2.51E+03,4.08470E+02,2.84E+01,-1.02E+00,6.79884E-05,1.15882E-03,6.79884E-04,4.69E-01,1.33E+01
2.52E+03,4.08280E+02,2.84E+01,-1.06E+00,6.75774E-05,1.17578E-03,6.75774E-04,4.65E-01,1.32E+01
2.53E+03,4.08080E+02,2.84E+01,-9.56E-01,6.71570E-05,1.20314E-03,6.71570E-04,4.58E-01,1.30E+01
2.55E+03,4.07880E+02,2.84E+01,-1.04E+00,6.67108E-05,1.13304E-03,6.67108E-04,4.61E-01,1.31E+01
2.56E+03,4.07660E+02,2.84E+01,-9.42E-01,6.62600E-05,1.15752E-03,6.62600E-04,4.58E-01,1.30E+01
2.57E+03,4.07480E+02,2.85E+01,-1.02E+00,6.58622E-05,1.06507E-03,6.58622E-04,4.55E-01,1.29E+01
2.58E+03,4.07270E+02,2.85E+01,-9.97E-01,6.54420E-05,1.11925E-03,6.54420E-04,4.64E-01,1.32E+01
2.60E+03,4.07080E+02,2.85E+01,-9.20E-01,6.50378E-05,1.15320E-03,6.50378E-04,4.57E-01,1.30E+01
2.61E+03,4.06880E+02,2.85E+01,-1.13E+00,6.45942E-05,1.17098E-03,6.45942E-04,4.62E-01,1.32E+01
2.62E+03,4.06670E+02,2.85E+01,-1.02E+00,6.41940E-05,1.26435E-03,6.41940E-04,4.65E-01,1.32E+01
2.63E+03,4.06480E+02,2.85E+01,-9.86E-01,6.37842E-05,1.26770E-03,6.37842E-04,4.67E-01,1.33E+01
2.64E+03,4.06270E+02,2.85E+01,-9.74E-01,6.33316E-05,1.22647E-03,6.33316E-04,4.73E-01,1.35E+01
2.65E+03,4.06090E+02,2.86E+01,-1.02E+00,6.29570E-05,1.12029E-03,6.29570E-04,4.71E-01,1.34E+01
2.67E+03,4.05880E+02,2.86E+01,-9.56E-01,6.25338E-05,1.17073E-03,6.25338E-04,4.69E-01,1.34E+01
2.68E+03,4.05680E+02,2.86E+01,-9.57E-01,6.21098E-05,1.12844E-03,6.21098E-04,4.70E-01,1.34E+01
2.69E+03,4.05480E+02,2.86E+01,-9.64E-01,6.17024E-05,1.14826E-03,6.17024E-04,4.65E-01,1.33E+01
2.70E+03,4.05300E+02,2.86E+01,-1.05E+00,6.13350E-05,1.14726E-03,6.13350E-04,4.60E-01,1.32E+01
2.72E+03,4.05080E+02,2.86E+01,-9.93E-01,6.09154E-05,1.20727E-03,6.09154E-04,4.56E-01,1.30E+01
2.73E+03,4.04870E+02,2.86E+01,-1.08E+00,6.04920E-05,1.17667E-03,6.04920E-04,4.62E-01,1.32E+01
2.74E+03,4.04670E+02,2.87E+01,-9.48E-01,6.01132E-05,1.21046E-03,6.01132E-04,4.76E-01,1.36E+01
2.75E+03,4.04490E+02,2.87E+01,-9.53E-01,5.97294E-05,1.18873E-03,5.97294E-04,4.71E-01,1.35E+01
2.76E+03,4.04290E+02,2.87E+01,-1.13E+00,5.93106E-05,1.24542E-03,5.93106E-04,4.73E-01,1.36E+01
2.77E+03,4.04080E+02,2.87E+01,-9.33E-01,5.89406E-05,1.21523E-03,5.89406E-04,4.67E-01,1.34E+01
2.79E+03,4.03880E+02,2.87E+01,-9.95E-01,5.85248E-05,1.21583E-03,5.85248E-04,4.68E-01,1.34E+01
2.80E+03,4.03690E+02,2.87E+01,-9.71E-01,5.81578E-05,1.21264E-03,5.81578E-04,4.70E-01,1.35E+01
2.81E+03,4.03480E+02,2.87E+01,-1.05E+00,5.77456E-05,1.19129E-03,5.77456E-04,4.60E-01,1.32E+01
2.82E+03,4.03280E+02,2.87E+01,-9.91E-01,5.73872E-05,1.16831E-03,5.73872E-04,4.56E-01,1.31E+01
2.84E+03,4.03070E+02,2.88E+01,-1.05E+00,5.69902E-05,1.18798E-03,5.69902E-04,4.54E-01,1.31E+01
2.85E+03,4.02850E+02,2.88E+01,-1.04E+00,5.65858E-05,1.22955E-03,5.65858E-04,4.69E-01,1.35E+01
2.86E+03,4.02680E+02,2.88E+01,-8.89E-01,5.62718E-05,1.23737E-03,5.62718E-04,4.70E-01,1.35E+01
2.87E+03,4.02490E+02,2.88E+01,-1.05E+00,5.58780E-05,1.14087E-03,5.58780E-04,4.80E-01,1.38E+01
2.88E+03,4.02270E+02,2.88E+01,-8.98E-01,5.54902E-05,1.17714E-03,5.54902E-04,4.80E-01,1.38E+01
2.90E+03,4.02080E+02,2.88E+01,-1.01E+00,5.51040E-05,1.18523E-03,5.51040E-04,4.68E-01,1.35E+01
2.91E+03,4.01890E+02,2.88E+01,-1.07E+00,5.47594E-05,1.21297E-03,5.47594E-04,4.64E-01,1.34E+01
2.92E+03,4.01690E+02,2.89E+01,-9.94E-01,5.44118E-05,1.23542E-03,5.44118E-04,4.52E-01,1.30E+01
2.93E+03,4.01480E+02,2.89E+01,-1.04E+00,5.40372E-05,1.19991E-03,5.40372E-04,4.55E-01,1.31E+01
2.94E+03,4.01260E+02,2.89E+01,-1.00E+00,5.36552E-05,1.23511E-03,5.36552E-04,4.68E-01,1.35E+01
2.95E+03,4.01090E+02,2.89E+01,-9.43E-01,5.33422E-05,1.25102E-03,5.33422E-04,4.70E-01,1.36E+01
2.97E+03,4.00890E+02,2.89E+01,-1.07E+00,5.29602E-05,1.21224E-03,5.29602E-04,4.73E-01,1.37E+01
2.98E+03,4.00690E+02,2.89E+01,-9.85E-01,5.26246E-05,1.25024E-03,5.26246E-04,4.71E-01,1.36E+01
2.99E+03,4.00450E+02,2.90E+01,-9.89E-01,5.21896E-05,1.23930E-03,5.21896E-04,4.68E-01,1.35E+01
3.00E+03,4.00290E+02,2.90E+01,-1.02E+00,5.19016E-05,1.18823E-03,5.19016E-04,4.68E-01,1.36E+01
3.02E+03,4.00050E+02,2.90E+01,-1.02E+00,5.14850E-05,1.24392E-03,5.14850E-04,4.65E-01,1.35E+01
3.03E+03,3.99860E+02,2.90E+01,-9.79E-01,5.11664E-05,1.18372E-03,5.11664E-04,4.74E-01,1.37E+01
3.04E+03,3.99680E+02,2.90E+01,-8.85E-01,5.08478E-05,1.24416E-03,5.08478E-04,4.72E-01,1.37E+01
3.05E+03,3.99490E+02,2.90E+01,-1.12E+00,5.04854E-05,1.22172E-03,5.04854E-04,4.76E-01,1.38E+01
3.06E+03,3.99260E+02,2.90E+01,-9.50E-01,5.01264E-05,1.22073E-03,5.01264E-04,4.69E-01,1.36E+01
3.08E+03,3.99080E+02,2.91E+01,-1.08E+00,4.97970E-05,1.30244E-03,4.97970E-04,4.65E-01,1.35E+01
3.09E+03,3.98850E+02,2.91E+01,-1.01E+00,4.94220E-05,1.39856E-03,4.94220E-04,4.77E-01,1.39E+01
3.10E+03,3.98680E+02,2.91E+01,-9.59E-01,4.91260E-05,1.23953E-03,4.91260E-04,4.83E-01,1.41E+01
3.11E+03,3.98470E+02,2.91E+01,-9.41E-01,4.87588E-05,1.26480E-03,4.87588E-04,4.86E-01,1.41E+01
3.12E+03,3.98290E+02,2.91E+01,-1.00E+00,4.84304E-05,1.30440E-03,4.84304E-04,4.77E-01,1.39E+01
3.14E+03,3.98080E+02,2.91E+01,-1.00E+00,4.80990E-05,1.24933E-03,4.80990E-04,4.65E-01,1.35E+01
3.15E+03,3.97890E+02,2.91E+01,-1.02E+00,4.77918E-05,1.24084E-03,4.77918E-04,4.68E-01,1.36E+01
3.16E+03,3.97650E+02,2.92E+01,-9.70E-01,4.74090E-05,1.27417E-03,4.74090E-04,4.81E-01,1.40E+01
3.17E+03,3.97490E+02,2.92E+01,-1.01E+00,4.71114E-05,1.13839E-03,4.71114E-04,4.84E-01,1.41E+01
3.18E+03,3.97280E+02,2.92E+01,-1.05E+00,4.67644E-05,1.33641E-03,4.67644E-04,4.99E-01,1.46E+01
3.20E+03,3.97080E+02,2.92E+01,-7.84E-01,4.64460E-05,1.31837E-03,4.64460E-04,4.82E-01,1.41E+01
3.21E+03,3.96930E+02,2.92E+01,-1.16E+00,4.61524E-05,7.65842E-04,4.61524E-04,4.79E-01,1.40E+01
3.22E+03,3.96680E+02,2.92E+01,-9.50E-01,4.57914E-05,1.21929E-03,4.57914E-04,4.69E-01,1.37E+01
3.23E+03,3.96500E+02,2.92E+01,-1.03E+00,4.54956E-05,1.28510E-03,4.54956E-04,4.67E-01,1.36E+01
3.24E+03,3.96280E+02,2.93E+01,-9.20E-01,4.51632E-05,1.39822E-03,4.51632E-04,4.72E-01,1.38E+01
3.26E+03,3.96090E+02,2.93E+01,-1.13E+00,4.48358E-05,1.30609E-03,4.48358E-04,4.66E-01,1.36E+01
3.27E+03,3.95880E+02,2.93E+01,-1.02E+00,4.45402E-05,1.36692E-03,4.45402E-04,4.67E-01,1.37E+01
3.28E+03,3.95660E+02,2.93E+01,-9.36E-01,4.41998E-05,1.36747E-03,4.41998E-04,4.70E-01,1.38E+01
3.29E+03,3.95480E+02,2.93E+01,-9.99E-01,4.39202E-05,1.47824E-03,4.39202E-04,4.80E-01,1.41E+01
3.30E+03,3.95270E+02,2.93E+01,-1.05E+00,4.35766E-05,1.28843E-03,4.35766E-04,4.78E-01,1.40E+01
3.32E+03,3.95070E+02,2.93E+01,-1.01E+00,4.32826E-05,1.19836E-03,4.32826E-04,4.74E-01,1.39E+01
3.33E+03,3.94880E+02,2.94E+01,-9.59E-01,4.29962E-05,1.29143E-03,4.29962E-04,4.80E-01,1.41E+01
3.34E+03,3.94680E+02,2.94E+01,-8.96E-01,4.26942E-05,1.15738E-03,4.26942E-04,4.76E-01,1.40E+01
3.35E+03,3.94510E+02,2.94E+01,-1.10E+00,4.24046E-05,1.30532E-03,4.24046E-04,4.77E-01,1.40E+01
3.36E+03,3.94280E+02,2.94E+01,-9.25E-01,4.21020E-05,1.21704E-03,4.21020E-04,4.75E-01,1.40E+01
3.38E+03,3.94090E+02,2.94E+01,-1.01E+00,4.17978E-05,1.26399E-03,4.17978E-04,4.61E-01,1.36E+01
3.39E+03,3.93880E+02,2.94E+01,-1.13E+00,4.14910E-05,1.28453E-03,4.14910E-04,4.70E-01,1.38E+01
3.40E+03,3.93670E+02,2.95E+01,-9.87E-01,4.12118E-05,1.36266E-03,4.12118E-04,4.77E-01,1.40E+01
3.41E+03,3.93480E+02,2.95E+01,-8.95E-01,4.09220E-05,1.34102E-03,4.09220E-04,4.87E-01,1.43E+01
3.42E+03,3.93290E+02,2.95E+01,-1.04E+00,4.06118E-05,1.24603E-03,4.06118E-04,4.89E-01,1.44E+01
3.43E+03,3.93100E+02,2.95E+01,-1.05E+00,4.03436E-05,1.27787E-03,4.03436E-04,4.84E-01,1.43E+01
3.45E+03,3.92880E+02,2.95E+01,-9.42E-01,4.00406E-05,1.24806E-03,4.00406E-04,4.69E-01,1.38E+01
3.46E+03,3.92680E+02,2.95E+01,-1.07E+00,3.97342E-05,1.24957E-03,3.97342E-04,4.74E-01,1.40E+01
3.47E+03,3.92480E+02,2.95E+01,-9.09E-01,3.94792E-05,1.22154E-03,3.94792E-04,4.83E-01,1.43E+01
3.48E+03,3.92290E+02,2.96E+01,-9.60E-01,3.91918E-05,1.26326E-03,3.91918E-04,4.72E-01,1.39E+01
3.50E+03,3.92090E+02,2.96E+01,-1.16E+00,3.88978E-05,1.35371E-03,3.88978E-04,4.80E-01,1.42E+01
3.51E+03,3.91870E+02,2.96E+01,-9.38E-01,3.86252E-05,1.31075E-03,3.86252E-04,4.76E-01,1.41E+01
3.52E+03,3.91670E+02,2.96E+01,-1.02E+00,3.83252E-05,1.32885E-03,3.83252E-04,4.74E-01,1.40E+01
3.53E+03,3.91480E+02,2.96E+01,-1.01E+00,3.80610E-05,1.40509E-03,3.80610E-04,4.84E-01,1.43E+01
3.54E+03,3.91290E+02,2.96E+01,-9.40E-01,3.78128E-05,1.36504E-03,3.78128E-04,4.84E-01,1.43E+01
3.56E+03,3.91100E+02,2.96E+01,-9.48E-01,3.75434E-05,1.28068E-03,3.75434E-04,4.79E-01,1.42E+01
3.57E+03,3.90880E+02,2.97E+01,-1.08E+00,3.72280E-05,1.31443E-03,3.72280E-04,4.83E-01,1.43E+01
3.58E+03,3.90680E+02,2.97E+01,-9.57E-01,3.69834E-05,1.32542E-03,3.69834E-04,4.76E-01,1.41E+01
3.59E+03,3.90470E+02,2.97E+01,-1.07E+00,3.66866E-05,1.28454E-03,3.66866E-04,4.81E-01,1.43E+01
3.60E+03,3.90270E+02,2.97E+01,-9.27E-01,3.64308E-05,1.38903E-03,3.64308E-04,4.93E-01,1.46E+01
3.62E+03,3.90070E+02,2.97E+01,-1.02E+00,3.61424E-05,1.27779E-03,3.61424E-04,4.91E-01,1.46E+01
3.63E+03,3.89880E+02,2.97E+01,-1.04E+00,3.58892E-05,1.34921E-03,3.58892E-04,4.91E-01,1.46E+01
3.64E+03,3.89690E+02,2.98E+01,-1.01E+00,3.56390E-05,1.38900E-03,3.56390E-04,4.80E-01,1.43E+01
3.65E+03,3.89500E+02,2.98E+01,-1.01E+00,3.53926E-05,1.30944E-03,3.53926E-04,4.75E-01,1.42E+01
3.66E+03,3.89290E+02,2.98E+01,-1.04E+00,3.51250E-05,1.29310E-03,3.51250E-04,4.78E-01,1.42E+01
3.68E+03,3.89070E+02,2.98E+01,-9.73E-01,3.48478E-05,1.35366E-03,3.48478E-04,4.77E-01,1.42E+01
3.69E+03,3.88860E+02,2.98E+01,-1.04E+00,3.45704E-05,1.47363E-03,3.45704E-04,4.81E-01,1.43E+01
3.70E+03,3.88650E+02,2.98E+01,-9.48E-01,3.43140E-05,1.42397E-03,3.43140E-04,4.92E-01,1.47E+01
3.71E+03,3.88470E+02,2.98E+01,-9.22E-01,3.40780E-05,1.42962E-03,3.40780E-04,4.86E-01,1.45E+01
3.72E+03,3.88290E+02,2.99E+01,-1.06E+00,3.38298E-05,1.35095E-03,3.38298E-04,4.93E-01,1.47E+01
3.74E+03,3.88090E+02,2.99E+01,-9.72E-01,3.36018E-05,1.41689E-03,3.36018E-04,4.92E-01,1.47E+01
3.75E+03,3.87880E+02,2.99E+01,-1.06E+00,3.33212E-05,1.37157E-03,3.33212E-04,4.88E-01,1.46E+01
3.76E+03,3.87680E+02,2.99E+01,-1.02E+00,3.30678E-05,1.36828E-03,3.30678E-04,5.00E-01,1.50E+01
3.77E+03,3.87460E+02,2.99E+01,-9.15E-01,3.27992E-05,1.39373E-03,3.27992E-04,4.96E-01,1.48E+01
3.78E+03,3.87280E+02,2.99E+01,-1.00E+00,3.25610E-05,1.34554E-03,3.25610E-04,5.15E-01,1.54E+01
3.80E+03,3.87070E+02,3.00E+01,-6.50E-01,3.23046E-05,1.35615E-03,3.23046E-04,4.96E-01,1.49E+01
3.81E+03,3.86950E+02,3.00E+01,-1.37E+00,3.21114E-05,4.23915E-04,3.21114E-04,4.76E-01,1.43E+01
3.82E+03,3.86690E+02,3.00E+01,-9.95E-01,3.18568E-05,1.34566E-03,3.18568E-04,4.71E-01,1.41E+01
3.83E+03,3.86480E+02,3.00E+01,-9.61E-01,3.16060E-05,1.37678E-03,3.16060E-04,4.60E-01,1.38E+01
3.84E+03,3.86300E+02,3.00E+01,-1.10E+00,3.13828E-05,1.36114E-03,3.13828E-04,4.78E-01,1.43E+01
3.86E+03,3.86070E+02,3.00E+01,-1.03E+00,3.11316E-05,1.40725E-03,3.11316E-04,4.79E-01,1.44E+01
3.87E+03,3.85850E+02,3.00E+01,-9.73E-01,3.08764E-05,1.39314E-03,3.08764E-04,4.82E-01,1.45E+01
3.88E+03,3.85670E+02,3.01E+01,-9.56E-01,3.06576E-05,1.39776E-03,3.06576E-04,4.90E-01,1.47E+01
3.89E+03,3.85470E+02,3.01E+01,-9.48E-01,3.04242E-05,1.30555E-03,3.04242E-04,4.91E-01,1.48E+01
3.90E+03,3.85290E+02,3.01E+01,-9.95E-01,3.02216E-05,1.11343E-03,3.02216E-04,4.80E-01,1.44E+01
3.92E+03,3.85080E+02,3.01E+01,-9.94E-01,2.99754E-05,1.00791E-03,2.99754E-04,4.72E-01,1.42E+01
3.93E+03,3.84890E+02,3.01E+01,-1.06E+00,2.97778E-05,1.37531E-03,2.97778E-04,4.69E-01,1.41E+01
3.94E+03,3.84690E+02,3.01E+01,-1.03E+00,2.95626E-05,1.46035E-03,2.95626E-04,4.76E-01,1.44E+01
3.95E+03,3.84460E+02,3.02E+01,-9.33E-01,2.93094E-05,1.40812E-03,2.93094E-04,4.88E-01,1.47E+01
3.96E+03,3.84280E+02,3.02E+01,-1.05E+00,2.90910E-05,1.42956E-03,2.90910E-04,4.97E-01,1.50E+01
3.98E+03,3.84060E+02,3.02E+01,-9.49E-01,2.88524E-05,1.42600E-03,2.88524E-04,4.99E-01,1.51E+01
3.99E+03,3.83880E+02,3.02E+01,-1.07E+00,2.86426E-05,1.44870E-03,2.86426E-04,4.98E-01,1.50E+01
4.00E+03,3.83680E+02,3.02E+01,-9.32E-01,2.84234E-05,1.44539E-03,2.84234E-04,4.93E-01,1.49E+01
4.01E+03,3.83480E+02,3.02E+01,-1.04E+00,2.81942E-05,1.27252E-03,2.81942E-04,4.86E-01,1.47E+01
4.03E+03,3.83260E+02,3.03E+01,-9.60E-01,2.79718E-05,1.30266E-03,2.79718E-04,4.91E-01,1.48E+01
4.04E+03,3.83080E+02,3.03E+01,-9.34E-01,2.77772E-05,1.46908E-03,2.77772E-04,4.90E-01,1.48E+01
4.05E+03,3.82880E+02,3.03E+01,-1.12E+00,2.75482E-05,1.40622E-03,2.75482E-04,4.95E-01,1.50E+01
4.06E+03,3.82670E+02,3.03E+01,-1.05E+00,2.73312E-05,1.46408E-03,2.73312E-04,4.93E-01,1.49E+01
4.07E+03,3.82470E+02,3.03E+01,-9.84E-01,2.71216E-05,1.62119E-03,2.71216E-04,4.84E-01,1.47E+01
4.08E+03,3.82280E+02,3.03E+01,-1.05E+00,2.69172E-05,1.48868E-03,2.69172E-04,4.88E-01,1.48E+01
4.09E+03,3.82080E+02,3.03E+01,-9.42E-01,2.67204E-05,1.33360E-03,2.67204E-04,4.90E-01,1.49E+01
4.11E+03,3.81880E+02,3.04E+01,-9.79E-01,2.65062E-05,1.41449E-03,2.65062E-04,4.98E-01,1.51E+01
4.12E+03,3.81690E+02,3.04E+01,-9.01E-01,2.63090E-05,1.37651E-03,2.63090E-04,5.02E-01,1.52E+01
4.13E+03,3.81500E+02,3.04E+01,-1.00E+00,2.61004E-05,1.40057E-03,2.61004E-04,4.99E-01,1.52E+01
4.14E+03,3.81290E+02,3.04E+01,-1.00E+00,2.58936E-05,1.36857E-03,2.58936E-04,4.84E-01,1.47E+01
4.16E+03,3.81080E+02,3.04E+01,-1.15E+00,2.56770E-05,1.54584E-03,2.56770E-04,4.76E-01,1.45E+01
4.17E+03,3.80860E+02,3.04E+01,-1.01E+00,2.54806E-05,1.41545E-03,2.54806E-04,4.79E-01,1.46E+01
4.18E+03,3.80670E+02,3.05E+01,-1.03E+00,2.52862E-05,1.46362E-03,2.52862E-04,4.87E-01,1.48E+01
4.19E+03,3.80470E+02,3.05E+01,-9.30E-01,2.50888E-05,1.52778E-03,2.50888E-04,5.04E-01,1.54E+01
4.20E+03,3.80290E+02,3.05E+01,-9.42E-01,2.49024E-05,1.43518E-03,2.49024E-04,4.96E-01,1.51E+01
4.22E+03,3.80090E+02,3.05E+01,-1.05E+00,2.46998E-05,1.35716E-03,2.46998E-04,4.90E-01,1.50E+01
4.23E+03,3.79870E+02,3.05E+01,-9.81E-01,2.45002E-05,1.45210E-03,2.45002E-04,4.89E-01,1.49E+01
4.24E+03,3.79660E+02,3.05E+01,-9.43E-01,2.42980E-05,1.43160E-03,2.42980E-04,4.85E-01,1.48E+01
4.25E+03,3.79480E+02,3.06E+01,-1.06E+00,2.41166E-05,1.40970E-03,2.41166E-04,4.89E-01,1.49E+01
4.27E+03,3.79250E+02,3.06E+01,-1.02E+00,2.39106E-05,1.42920E-03,2.39106E-04,4.87E-01,1.49E+01
4.28E+03,3.79080E+02,3.06E+01,-1.02E+00,2.37488E-05,1.49152E-03,2.37488E-04,4.87E-01,1.49E+01
4.29E+03,3.78840E+02,3.06E+01,-9.83E-01,2.35238E-05,1.40586E-03,2.35238E-04,4.97E-01,1.52E+01
4.30E+03,3.78680E+02,3.06E+01,-9.73E-01,2.33718E-05,1.46834E-03,2.33718E-04,5.00E-01,1.53E+01
4.31E+03,3.78470E+02,3.06E+01,-1.00E+00,2.31736E-05,1.43303E-03,2.31736E-04,4.97E-01,1.52E+01
4.33E+03,3.78260E+02,3.07E+01,-1.01E+00,2.29744E-05,1.66674E-03,2.29744E-04,4.95E-01,1.52E+01
4.34E+03,3.78060E+02,3.07E+01,-9.54E-01,2.27996E-05,1.44959E-03,2.27996E-04,4.88E-01,1.50E+01
4.35E+03,3.77880E+02,3.07E+01,-1.04E+00,2.26326E-05,1.41133E-03,2.26326E-04,4.89E-01,1.50E+01
4.36E+03,3.77660E+02,3.07E+01,-9.48E-01,2.24410E-05,1.46579E-03,2.24410E-04,4.95E-01,1.52E+01
4.37E+03,3.77480E+02,3.07E+01,-9.91E-01,2.22730E-05,1.44825E-03,2.22730E-04,4.88E-01,1.50E+01
4.39E+03,3.77270E+02,3.07E+01,-1.11E+00,2.20844E-05,1.46783E-03,2.20844E-04,4.93E-01,1.52E+01
4.40E+03,3.77060E+02,3.07E+01,-9.50E-01,2.19122E-05,1.49400E-03,2.19122E-04,4.98E-01,1.53E+01
4.41E+03,3.76880E+02,3.08E+01,-9.51E-01,2.17420E-05,1.49851E-03,2.17420E-04,4.98E-01,1.53E+01
4.42E+03,3.76680E+02,3.08E+01,-1.07E+00,2.15588E-05,1.42304E-03,2.15588E-04,5.05E-01,1.55E+01
4.43E+03,3.76480E+02,3.08E+01,-9.40E-01,2.13954E-05,1.50024E-03,2.13954E-04,4.94E-01,1.52E+01
4.44E+03,3.76280E+02,3.08E+01,-1.03E+00,2.12132E-05,1.46113E-03,2.12132E-04,4.92E-01,1.52E+01
4.46E+03,3.76060E+02,3.08E+01,-9.69E-01,2.10330E-05,1.45846E-03,2.10330E-04,4.96E-01,1.53E+01
4.47E+03,3.75880E+02,3.08E+01,-1.01E+00,2.08762E-05,1.45426E-03,2.08762E-04,4.98E-01,1.54E+01
4.48E+03,3.75670E+02,3.09E+01,-9.45E-01,2.06998E-05,1.51249E-03,2.06998E-04,4.96E-01,1.53E+01
4.49E+03,3.75490E+02,3.09E+01,-1.12E+00,2.05388E-05,1.47856E-03,2.05388E-04,4.95E-01,1.53E+01
4.50E+03,3.75280E+02,3.09E+01,-9.81E-01,2.03782E-05,1.52929E-03,2.03782E-04,4.99E-01,1.54E+01
4.52E+03,3.75070E+02,3.09E+01,-9.71E-01,2.01966E-05,1.44465E-03,2.01966E-04,4.95E-01,1.53E+01
4.53E+03,3.74890E+02,3.09E+01,-1.01E+00,2.00426E-05,1.48412E-03,2.00426E-04,5.05E-01,1.56E+01
4.54E+03,3.74680E+02,3.09E+01,-9.41E-01,1.98785E-05,1.44454E-03,1.98785E-04,5.02E-01,1.55E+01
4.55E+03,3.74480E+02,3.10E+01,-1.02E+00,1.97061E-05,1.43257E-03,1.97061E-04,5.03E-01,1.56E+01
4.56E+03,3.74290E+02,3.10E+01,-9.81E-01,1.95536E-05,1.47025E-03,1.95536E-04,5.08E-01,1.57E+01
4.58E+03,3.74110E+02,3.10E+01,-9.80E-01,1.94050E-05,1.50935E-03,1.94050E-04,4.91E-01,1.52E+01
4.59E+03,3.73880E+02,3.10E+01,-1.12E+00,1.92202E-05,1.47774E-03,1.92202E-04,4.89E-01,1.52E+01
4.60E+03,3.73670E+02,3.10E+01,-9.65E-01,1.90726E-05,1.51392E-03,1.90726E-04,4.93E-01,1.53E+01
4.61E+03,3.73490E+02,3.10E+01,-9.77E-01,1.89243E-05,1.54834E-03,1.89243E-04,4.93E-01,1.53E+01
4.62E+03,3.73280E+02,3.11E+01,-1.06E+00,1.87529E-05,1.49384E-03,1.87529E-04,5.07E-01,1.57E+01
4.64E+03,3.73060E+02,3.11E+01,-9.13E-01,1.85928E-05,1.50551E-03,1.85928E-04,4.98E-01,1.55E+01
4.65E+03,3.72910E+02,3.11E+01,-1.05E+00,1.84664E-05,1.50274E-03,1.84664E-04,4.89E-01,1.52E+01
4.66E+03,3.72690E+02,3.11E+01,-1.04E+00,1.83062E-05,1.48534E-03,1.83062E-04,4.94E-01,1.54E+01
4.67E+03,3.72470E+02,3.11E+01,-9.38E-01,1.81469E-05,1.49190E-03,1.81469E-04,4.99E-01,1.55E+01
4.68E+03,3.72270E+02,3.11E+01,-9.04E-01,1.79898E-05,1.48119E-03,1.79898E-04,5.07E-01,1.58E+01
4.70E+03,3.72100E+02,3.12E+01,-1.02E+00,1.78518E-05,1.46993E-03,1.78518E-04,5.06E-01,1.58E+01
4.71E+03,3.71880E+02,3.12E+01,-1.01E+00,1.76942E-05,1.49180E-03,1.76942E-04,4.92E-01,1.53E+01
4.72E+03,3.71690E+02,3.12E+01,-1.06E+00,1.75571E-05,1.48550E-03,1.75571E-04,4.87E-01,1.52E+01
4.73E+03,3.71470E+02,3.12E+01,-9.84E-01,1.74025E-05,1.51465E-03,1.74025E-04,5.00E-01,1.56E+01
4.74E+03,3.71290E+02,3.12E+01,-9.57E-01,1.72687E-05,1.52456E-03,1.72687E-04,5.07E-01,1.58E+01
4.76E+03,3.71090E+02,3.12E+01,-1.01E+00,1.71151E-05,1.50171E-03,1.71151E-04,5.09E-01,1.59E+01
4.77E+03,3.70900E+02,3.13E+01,-1.02E+00,1.69791E-05,1.51998E-03,1.69791E-04,5.05E-01,1.58E+01
4.78E+03,3.70680E+02,3.13E+01,-9.85E-01,1.68248E-05,1.46802E-03,1.68248E-04,4.99E-01,1.56E+01
4.79E+03,3.70470E+02,3.13E+01,-1.01E+00,1.66739E-05,1.52349E-03,1.66739E-04,4.99E-01,1.56E+01
4.80E+03,3.70280E+02,3.13E+01,-9.89E-01,1.65422E-05,1.51162E-03,1.65422E-04,4.98E-01,1.56E+01
4.82E+03,3.70090E+02,3.13E+01,-1.00E+00,1.64099E-05,1.47911E-03,1.64099E-04,5.01E-01,1.57E+01
4.83E+03,3.69880E+02,3.13E+01,-9.59E-01,1.62668E-05,1.50261E-03,1.62668E-04,5.00E-01,1.57E+01
4.84E+03,3.69680E+02,3.14E+01,-1.06E+00,1.61225E-05,1.56633E-03,1.61225E-04,5.04E-01,1.58E+01
4.85E+03,3.69480E+02,3.14E+01,-9.68E-01,1.59928E-05,1.56717E-03,1.59928E-04,5.05E-01,1.58E+01
4.87E+03,3.69270E+02,3.14E+01,-1.03E+00,1.58440E-05,1.57107E-03,1.58440E-04,5.00E-01,1.57E+01
4.88E+03,3.69100E+02,3.14E+01,-1.05E+00,1.57305E-05,1.54505E-03,1.57305E-04,5.02E-01,1.58E+01
4.89E+03,3.68880E+02,3.14E+01,-9.88E-01,1.55870E-05,1.55944E-03,1.55870E-04,4.98E-01,1.57E+01
4.90E+03,3.68670E+02,3.14E+01,-1.01E+00,1.54458E-05,1.59917E-03,1.54458E-04,4.99E-01,1.57E+01
4.91E+03,3.68450E+02,3.15E+01,-1.00E+00,1.53017E-05,1.63116E-03,1.53017E-04,5.04E-01,1.59E+01
4.92E+03,3.68280E+02,3.15E+01,-9.65E-01,1.51922E-05,1.57367E-03,1.51922E-04,4.99E-01,1.57E+01
4.94E+03,3.68070E+02,3.15E+01,-1.06E+00,1.50512E-05,1.54871E-03,1.50512E-04,5.06E-01,1.59E+01
4.95E+03,3.67870E+02,3.15E+01,-9.43E-01,1.49294E-05,1.59846E-03,1.49294E-04,5.01E-01,1.58E+01
4.96E+03,3.67670E+02,3.15E+01,-1.11E+00,1.47916E-05,1.58687E-03,1.47916E-04,5.01E-01,1.58E+01
4.97E+03,3.67460E+02,3.16E+01,-9.40E-01,1.46687E-05,1.60968E-03,1.46687E-04,5.10E-01,1.61E+01
4.98E+03,3.67280E+02,3.16E+01,-9.63E-01,1.45485E-05,1.54225E-03,1.45485E-04,5.08E-01,1.60E+01
5.00E+03,3.67080E+02,3.16E+01,-1.00E+00,1.44180E-05,1.56829E-03,1.44180E-04,5.12E-01,1.62E+01
5.01E+03,3.66870E+02,3.16E+01,-1.00E+00,1.42880E-05,1.62026E-03,1.42880E-04,5.06E-01,1.60E+01
5.02E+03,3.66680E+02,3.16E+01,-9.88E-01,1.41727E-05,1.54770E-03,1.41727E-04,5.06E-01,1.60E+01
5.03E+03,3.66470E+02,3.16E+01,-9.56E-01,1.40414E-05,1.59713E-03,1.40414E-04,5.03E-01,1.59E+01
5.04E+03,3.66290E+02,3.17E+01,-1.06E+00,1.39286E-05,1.60312E-03,1.39286E-04,5.05E-01,1.60E+01
5.06E+03,3.66060E+02,3.17E+01,-9.74E-01,1.37967E-05,1.62530E-03,1.37967E-04,5.04E-01,1.60E+01
5.07E+03,3.65900E+02,3.17E+01,-1.00E+00,1.36959E-05,1.58957E-03,1.36959E-04,5.03E-01,1.59E+01
5.08E+03,3.65690E+02,3.17E+01,-1.03E+00,1.35702E-05,1.59046E-03,1.35702E-04,5.06E-01,1.60E+01
5.09E+03,3.65470E+02,3.17E+01,-9.85E-01,1.34428E-05,1.61624E-03,1.34428E-04,5.06E-01,1.60E+01
5.10E+03,3.65280E+02,3.17E+01,-9.57E-01,1.33309E-05,1.57789E-03,1.33309E-04,5.02E-01,1.59E+01
5.12E+03,3.65080E+02,3.18E+01,-1.08E+00,1.32101E-05,1.51475E-03,1.32101E-04,5.04E-01,1.60E+01
5.13E+03,3.64880E+02,3.18E+01,-9.46E-01,1.31022E-05,1.64633E-03,1.31022E-04,5.00E-01,1.59E+01
5.14E+03,3.64680E+02,3.18E+01,-1.02E+00,1.29833E-05,1.56375E-03,1.29833E-04,5.03E-01,1.60E+01
5.15E+03,3.64460E+02,3.18E+01,-9.43E-01,1.28621E-05,1.59492E-03,1.28621E-04,5.10E-01,1.62E+01
5.17E+03,3.64280E+02,3.18E+01,-1.01E+00,1.27547E-05,1.62405E-03,1.27547E-04,5.14E-01,1.63E+01
5.18E+03,3.64090E+02,3.18E+01,-9.81E-01,1.26489E-05,1.61670E-03,1.26489E-04,5.06E-01,1.61E+01
5.19E+03,3.63880E+02,3.19E+01,-1.13E+00,1.25261E-05,1.68048E-03,1.25261E-04,4.98E-01,1.59E+01
5.20E+03,3.63660E+02,3.19E+01,-9.99E-01,1.24166E-05,1.64908E-03,1.24166E-04,4.97E-01,1.58E+01
5.21E+03,3.63470E+02,3.19E+01,-9.92E-01,1.23111E-05,1.67378E-03,1.23111E-04,5.02E-01,1.60E+01
5.23E+03,3.63260E+02,3.19E+01,-9.32E-01,1.21962E-05,1.66020E-03,1.21962E-04,5.11E-01,1.63E+01
5.24E+03,3.63080E+02,3.19E+01,-1.04E+00,1.20931E-05,1.60304E-03,1.20931E-04,5.11E-01,1.63E+01
5.25E+03,3.62860E+02,3.20E+01,-9.46E-01,1.19800E-05,1.63415E-03,1.19800E-04,5.06E-01,1.62E+01
5.26E+03,3.62680E+02,3.20E+01,-1.04E+00,1.18806E-05,1.55319E-03,1.18806E-04,5.02E-01,1.61E+01
5.27E+03,3.62460E+02,3.20E+01,-9.98E-01,1.17688E-05,1.65945E-03,1.17688E-04,5.12E-01,1.64E+01
5.28E+03,3.62270E+02,3.20E+01,-9.69E-01,1.16673E-05,1.68485E-03,1.16673E-04,5.13E-01,1.64E+01
5.30E+03,3.62060E+02,3.20E+01,-1.03E+00,1.15525E-05,1.68629E-03,1.15525E-04,5.13E-01,1.64E+01
5.31E+03,3.61860E+02,3.20E+01,-1.05E+00,1.14499E-05,1.68001E-03,1.14499E-04,5.06E-01,1.62E+01
5.32E+03,3.61660E+02,3.21E+01,-1.01E+00,1.13507E-05,1.71097E-03,1.13507E-04,5.06E-01,1.62E+01
5.33E+03,3.61460E+02,3.21E+01,-9.31E-01,1.12500E-05,1.66840E-03,1.12500E-04,5.17E-01,1.66E+01
5.34E+03,3.61280E+02,3.21E+01,-9.38E-01,1.11536E-05,1.65659E-03,1.11536E-04,5.11E-01,1.64E+01
5.36E+03,3.61080E+02,3.21E+01,-1.12E+00,1.10480E-05,1.62732E-03,1.10480E-04,5.04E-01,1.62E+01
5.37E+03,3.60870E+02,3.21E+01,-1.02E+00,1.09549E-05,1.70178E-03,1.09549E-04,5.05E-01,1.62E+01
5.38E+03,3.60650E+02,3.21E+01,-9.29E-01,1.08463E-05,1.69263E-03,1.08463E-04,5.02E-01,1.61E+01
5.39E+03,3.60470E+02,3.22E+01,-1.10E+00,1.07493E-05,1.69133E-03,1.07493E-04,5.10E-01,1.64E+01
5.40E+03,3.60260E+02,3.22E+01,-9.94E-01,1.06553E-05,1.71398E-03,1.06553E-04,5.08E-01,1.63E+01
5.42E+03,3.60070E+02,3.22E+01,-9.72E-01,1.05634E-05,1.64829E-03,1.05634E-04,5.08E-01,1.64E+01
5.43E+03,3.59860E+02,3.22E+01,-9.45E-01,1.04604E-05,1.63250E-03,1.04604E-04,5.15E-01,1.66E+01
5.44E+03,3.59680E+02,3.22E+01,-1.02E+00,1.03718E-05,1.61909E-03,1.03718E-04,5.16E-01,1.66E+01
5.45E+03,3.59460E+02,3.23E+01,-9.41E-01,1.02712E-05,1.68230E-03,1.02712E-04,5.11E-01,1.65E+01
5.46E+03,3.59280E+02,3.23E+01,-9.97E-01,1.01834E-05,1.62574E-03,1.01834E-04,5.03E-01,1.62E+01
5.48E+03,3.59090E+02,3.23E+01,-1.04E+00,1.00972E-05,1.62925E-03,1.00972E-04,5.02E-01,1.62E+01
5.49E+03,3.58860E+02,3.23E+01,-1.02E+00,9.99660E-06,1.63284E-03,9.99660E-05,5.06E-01,1.63E+01
5.50E+03,3.58670E+02,3.23E+01,-9.36E-01,9.90890E-06,1.74423E-03,9.90890E-05,5.15E-01,1.67E+01
5.51E+03,3.58470E+02,3.23E+01,-9.54E-01,9.81276E-06,1.62917E-03,9.81276E-05,5.20E-01,1.68E+01
5.52E+03,3.58290E+02,3.24E+01,-1.00E+00,9.73092E-06,1.61049E-03,9.73092E-05,5.20E-01,1.68E+01
5.54E+03,3.58080E+02,3.24E+01,-9.38E-01,9.63906E-06,1.65700E-03,9.63906E-05,5.11E-01,1.65E+01
5.55E+03,3.57900E+02,3.24E+01,-1.05E+00,9.55442E-06,1.64842E-03,9.55442E-05,5.07E-01,1.64E+01
5.56E+03,3.57680E+02,3.24E+01,-1.03E+00,9.46250E-06,1.63595E-03,9.46250E-05,5.05E-01,1.64E+01
5.57E+03,3.57460E+02,3.24E+01,-1.02E+00,9.36790E-06,1.68113E-03,9.36790E-05,5.06E-01,1.64E+01
5.59E+03,3.57270E+02,3.25E+01,-9.61E-01,9.28636E-06,1.67377E-03,9.28636E-05,5.11E-01,1.66E+01
5.60E+03,3.57090E+02,3.25E+01,-1.04E+00,9.20546E-06,1.71992E-03,9.20546E-05,5.13E-01,1.67E+01
5.61E+03,3.56890E+02,3.25E+01,-1.00E+00,9.12298E-06,1.72985E-03,9.12298E-05,5.05E-01,1.64E+01
5.62E+03,3.56680E+02,3.25E+01,-1.07E+00,9.03330E-06,1.77148E-03,9.03330E-05,5.02E-01,1.63E+01
5.63E+03,3.56450E+02,3.25E+01,-9.73E-01,8.94260E-06,1.73126E-03,8.94260E-05,5.11E-01,1.66E+01
5.64E+03,3.56290E+02,3.25E+01,-9.28E-01,8.87378E-06,1.75566E-03,8.87378E-05,5.16E-01,1.68E+01
5.66E+03,3.56090E+02,3.26E+01,-9.87E-01,8.78702E-06,1.64476E-03,8.78702E-05,5.20E-01,1.69E+01
5.67E+03,3.55880E+02,3.26E+01,-9.91E-01,8.70164E-06,1.70102E-03,8.70164E-05,5.14E-01,1.67E+01
5.68E+03,3.55690E+02,3.26E+01,-9.89E-01,8.62558E-06,1.62801E-03,8.62558E-05,5.04E-01,1.64E+01
5.69E+03,3.55480E+02,3.26E+01,-1.02E+00,8.54098E-06,1.70687E-03,8.54098E-05,5.01E-01,1.63E+01
5.71E+03,3.55260E+02,3.26E+01,-1.03E+00,8.45726E-06,1.69050E-03,8.45726E-05,5.09E-01,1.66E+01
5.72E+03,3.55070E+02,3.27E+01,-9.44E-01,8.38326E-06,1.70723E-03,8.38326E-05,5.12E-01,1.67E+01
5.73E+03,3.54870E+02,3.27E+01,-1.05E+00,8.29888E-06,1.76260E-03,8.29888E-05,5.17E-01,1.69E+01
5.74E+03,3.54670E+02,3.27E+01,-1.00E+00,8.22370E-06,1.74056E-03,8.22370E-05,5.17E-01,1.69E+01
5.75E+03,3.54480E+02,3.27E+01,-9.65E-01,8.14950E-06,1.76201E-03,8.14950E-05,5.17E-01,1.69E+01
5.77E+03,3.54270E+02,3.27E+01,-9.53E-01,8.06774E-06,1.66833E-03,8.06774E-05,5.17E-01,1.69E+01
5.78E+03,3.54090E+02,3.27E+01,-1.03E+00,7.99630E-06,1.70297E-03,7.99630E-05,5.17E-01,1.69E+01
5.79E+03,3.53870E+02,3.28E+01,-9.42E-01,7.91698E-06,1.65601E-03,7.91698E-05,5.10E-01,1.67E+01
5.80E+03,3.53670E+02,3.28E+01,-1.07E+00,7.83860E-06,1.71474E-03,7.83860E-05,5.01E-01,1.64E+01
5.81E+03,3.53470E+02,3.28E+01,-1.04E+00,7.76872E-06,1.84670E-03,7.76872E-05,5.04E-01,1.65E+01
5.83E+03,3.53270E+02,3.28E+01,-9.69E-01,7.69856E-06,1.76230E-03,7.69856E-05,5.09E-01,1.67E+01
5.84E+03,3.53090E+02,3.28E+01,-9.44E-01,7.63060E-06,1.75982E-03,7.63060E-05,5.14E-01,1.69E+01
5.85E+03,3.52880E+02,3.29E+01,-1.04E+00,7.55134E-06,1.69407E-03,7.55134E-05,5.19E-01,1.71E+01
5.86E+03,3.52660E+02,3.29E+01,-9.39E-01,7.47604E-06,1.74065E-03,7.47604E-05,5.07E-01,1.67E+01
5.87E+03,3.52480E+02,3.29E+01,-1.10E+00,7.40876E-06,1.74600E-03,7.40876E-05,5.01E-01,1.65E+01
5.89E+03,3.52270E+02,3.29E+01,-9.64E-01,7.34132E-06,1.78773E-03,7.34132E-05,5.07E-01,1.67E+01
5.90E+03,3.52080E+02,3.29E+01,-9.87E-01,7.27348E-06,1.71740E-03,7.27348E-05,5.01E-01,1.65E+01
5.91E+03,3.51870E+02,3.29E+01,-1.05E+00,7.19962E-06,1.83623E-03,7.19962E-05,5.08E-01,1.67E+01
5.92E+03,3.51670E+02,3.30E+01,-9.76E-01,7.13544E-06,1.77102E-03,7.13544E-05,5.11E-01,1.68E+01
5.93E+03,3.51460E+02,3.30E+01,-9.34E-01,7.06268E-06,1.72403E-03,7.06268E-05,5.20E-01,1.71E+01
5.95E+03,3.51280E+02,3.30E+01,-9.39E-01,6.99842E-06,1.72865E-03,6.99842E-05,5.24E-01,1.73E+01
5.96E+03,3.51100E+02,3.30E+01,-1.03E+00,6.93534E-06,1.69628E-03,6.93534E-05,5.21E-01,1.72E+01
5.97E+03,3.50880E+02,3.30E+01,-9.51E-01,6.86480E-06,1.72769E-03,6.86480E-05,5.10E-01,1.69E+01
5.98E+03,3.50700E+02,3.31E+01,-1.05E+00,6.80288E-06,1.75974E-03,6.80288E-05,5.07E-01,1.68E+01
6.00E+03,3.50470E+02,3.31E+01,-9.88E-01,6.73132E-06,1.83714E-03,6.73132E-05,5.07E-01,1.68E+01
6.01E+03,3.50280E+02,3.31E+01,-1.04E+00,6.66880E-06,1.80202E-03,6.66880E-05,5.06E-01,1.68E+01
6.02E+03,3.50060E+02,3.31E+01,-1.00E+00,6.59972E-06,1.81128E-03,6.59972E-05,5.11E-01,1.69E+01
6.03E+03,3.49870E+02,3.31E+01,-1.03E+00,6.53824E-06,1.80427E-03,6.53824E-05,5.10E-01,1.69E+01
6.04E+03,3.49650E+02,3.32E+01,-9.92E-01,6.46934E-06,1.83813E-03,6.46934E-05,5.18E-01,1.72E+01
6.05E+03,3.49480E+02,3.32E+01,-9.22E-01,6.41678E-06,1.73972E-03,6.41678E-05,5.27E-01,1.75E+01
6.07E+03,3.49280E+02,3.32E+01,-9.27E-01,6.35046E-06,1.79800E-03,6.35046E-05,5.24E-01,1.74E+01
6.08E+03,3.49080E+02,3.32E+01,-1.06E+00,6.28510E-06,1.75901E-03,6.28510E-05,5.16E-01,1.71E+01
6.09E+03,3.48880E+02,3.32E+01,-1.01E+00,6.22846E-06,1.74423E-03,6.22846E-05,5.07E-01,1.69E+01
6.10E+03,3.48660E+02,3.33E+01,-1.01E+00,6.16276E-06,1.78331E-03,6.16276E-05,5.06E-01,1.68E+01
6.12E+03,3.48470E+02,3.33E+01,-9.88E-01,6.10484E-06,1.91408E-03,6.10484E-05,5.11E-01,1.70E+01
6.13E+03,3.48280E+02,3.33E+01,-1.05E+00,6.04760E-06,1.81981E-03,6.04760E-05,5.19E-01,1.73E+01
6.14E+03,3.48080E+02,3.33E+01,-9.39E-01,5.99086E-06,1.79483E-03,5.99086E-05,5.25E-01,1.75E+01
6.15E+03,3.47880E+02,3.33E+01,-9.46E-01,5.92760E-06,1.85691E-03,5.92760E-05,5.27E-01,1.76E+01
6.16E+03,3.47700E+02,3.33E+01,-1.02E+00,5.87286E-06,1.78251E-03,5.87286E-05,5.21E-01,1.74E+01
6.18E+03,3.47480E+02,3.34E+01,-1.04E+00,5.81010E-06,1.81248E-03,5.81010E-05,5.13E-01,1.71E+01
6.19E+03,3.47280E+02,3.34E+01,-9.56E-01,5.75604E-06,1.75255E-03,5.75604E-05,5.06E-01,1.69E+01
6.20E+03,3.47080E+02,3.34E+01,-1.04E+00,5.69666E-06,1.84346E-03,5.69666E-05,5.06E-01,1.69E+01
6.21E+03,3.46860E+02,3.34E+01,-1.01E+00,5.63848E-06,1.83996E-03,5.63848E-05,5.06E-01,1.69E+01
6.22E+03,3.46670E+02,3.34E+01,-1.04E+00,5.58570E-06,1.80903E-03,5.58570E-05,5.09E-01,1.70E+01
6.24E+03,3.46470E+02,3.35E+01,-9.23E-01,5.53208E-06,1.90375E-03,5.53208E-05,5.14E-01,1.72E+01
6.25E+03,3.46290E+02,3.35E+01,-1.04E+00,5.47950E-06,1.82690E-03,5.47950E-05,5.12E-01,1.72E+01
6.26E+03,3.46070E+02,3.35E+01,-1.01E+00,5.42230E-06,1.77311E-03,5.42230E-05,5.13E-01,1.72E+01
6.27E+03,3.45880E+02,3.35E+01,-9.80E-01,5.37184E-06,1.76021E-03,5.37184E-05,5.09E-01,1.71E+01
6.28E+03,3.45670E+02,3.35E+01,-9.89E-01,5.31494E-06,1.81847E-03,5.31494E-05,5.24E-01,1.76E+01
6.30E+03,3.45480E+02,3.36E+01,-8.73E-01,5.26530E-06,1.85605E-03,5.26530E-05,5.21E-01,1.75E+01
6.31E+03,3.45310E+02,3.36E+01,-1.05E+00,5.21588E-06,1.78257E-03,5.21588E-05,5.16E-01,1.73E+01
6.32E+03,3.45060E+02,3.36E+01,-9.99E-01,5.15468E-06,1.84357E-03,5.15468E-05,5.13E-01,1.72E+01
6.33E+03,3.44870E+02,3.36E+01,-1.01E+00,5.10588E-06,1.84629E-03,5.10588E-05,4.98E-01,1.68E+01
6.34E+03,3.44680E+02,3.36E+01,-1.12E+00,5.05712E-06,1.88858E-03,5.05712E-05,5.10E-01,1.72E+01
6.36E+03,3.44470E+02,3.37E+01,-9.18E-01,5.00884E-06,1.93861E-03,5.00884E-05,5.10E-01,1.72E+01
6.37E+03,3.44270E+02,3.37E+01,-1.05E+00,4.95416E-06,1.86078E-03,4.95416E-05,5.11E-01,1.72E+01
6.38E+03,3.44070E+02,3.37E+01,-9.84E-01,4.90672E-06,1.88191E-03,4.90672E-05,5.20E-01,1.75E+01
6.39E+03,3.43880E+02,3.37E+01,-9.53E-01,4.86020E-06,1.81867E-03,4.86020E-05,5.13E-01,1.73E+01
6.40E+03,3.43680E+02,3.37E+01,-1.03E+00,4.80976E-06,1.82450E-03,4.80976E-05,5.21E-01,1.76E+01
6.42E+03,3.43460E+02,3.38E+01,-9.31E-01,4.75734E-06,1.98463E-03,4.75734E-05,5.15E-01,1.74E+01
6.43E+03,3.43280E+02,3.38E+01,-1.06E+00,4.71240E-06,1.83199E-03,4.71240E-05,5.17E-01,1.75E+01
6.44E+03,3.43050E+02,3.38E+01,-9.41E-01,4.66084E-06,1.86252E-03,4.66084E-05,5.13E-01,1.73E+01
6.45E+03,3.42870E+02,3.38E+01,-1.08E+00,4.61462E-06,1.90855E-03,4.61462E-05,5.12E-01,1.73E+01
6.46E+03,3.42660E+02,3.38E+01,-9.88E-01,4.56908E-06,1.85494E-03,4.56908E-05,5.16E-01,1.75E+01
6.48E+03,3.42470E+02,3.39E+01,-9.83E-01,4.52406E-06,1.89809E-03,4.52406E-05,5.17E-01,1.75E+01
6.49E+03,3.42280E+02,3.39E+01,-9.56E-01,4.48010E-06,1.89189E-03,4.48010E-05,5.21E-01,1.76E+01
6.50E+03,3.42080E+02,3.39E+01,-1.05E+00,4.43260E-06,1.90863E-03,4.43260E-05,5.14E-01,1.74E+01
6.51E+03,3.41880E+02,3.39E+01,-9.96E-01,4.38964E-06,1.89839E-03,4.38964E-05,5.12E-01,1.74E+01
6.52E+03,3.41690E+02,3.39E+01,-9.76E-01,4.34812E-06,1.79663E-03,4.34812E-05,5.23E-01,1.77E+01
6.54E+03,3.41480E+02,3.40E+01,-8.91E-01,4.30040E-06,1.89392E-03,4.30040E-05,5.24E-01,1.78E+01
6.55E+03,3.41290E+02,3.40E+01,-1.10E+00,4.25406E-06,1.89217E-03,4.25406E-05,5.21E-01,1.77E+01
6.56E+03,3.41080E+02,3.40E+01,-1.01E+00,4.21264E-06,1.98569E-03,4.21264E-05,5.06E-01,1.72E+01
6.57E+03,3.40880E+02,3.40E+01,-1.06E+00,4.16906E-06,2.00816E-03,4.16906E-05,5.06E-01,1.72E+01
6.59E+03,3.40650E+02,3.40E+01,-9.20E-01,4.12296E-06,1.93737E-03,4.12296E-05,5.20E-01,1.77E+01
6.60E+03,3.40470E+02,3.41E+01,-9.95E-01,4.08120E-06,1.87152E-03,4.08120E-05,5.17E-01,1.76E+01
6.61E+03,3.40280E+02,3.41E+01,-1.06E+00,4.04098E-06,1.88645E-03,4.04098E-05,5.23E-01,1.78E+01
6.62E+03,3.40080E+02,3.41E+01,-9.31E-01,4.00178E-06,1.87678E-03,4.00178E-05,5.09E-01,1.74E+01
6.63E+03,3.39880E+02,3.41E+01,-1.06E+00,3.95850E-06,1.85001E-03,3.95850E-05,5.12E-01,1.75E+01
6.64E+03,3.39680E+02,3.41E+01,-9.36E-01,3.92028E-06,1.91995E-03,3.92028E-05,5.12E-01,1.75E+01
6.66E+03,3.39480E+02,3.42E+01,-1.06E+00,3.87818E-06,1.87555E-03,3.87818E-05,5.21E-01,1.78E+01
6.67E+03,3.39280E+02,3.42E+01,-8.79E-01,3.84024E-06,1.93964E-03,3.84024E-05,5.26E-01,1.80E+01
6.68E+03,3.39090E+02,3.42E+01,-1.07E+00,3.79734E-06,1.90724E-03,3.79734E-05,5.19E-01,1.78E+01
6.69E+03,3.38890E+02,3.42E+01,-1.04E+00,3.76020E-06,1.88407E-03,3.76020E-05,5.13E-01,1.76E+01
6.71E+03,3.38670E+02,3.42E+01,-1.04E+00,3.71818E-06,2.00375E-03,3.71818E-05,5.08E-01,1.74E+01
6.72E+03,3.38470E+02,3.43E+01,-9.25E-01,3.68100E-06,1.97617E-03,3.68100E-05,5.20E-01,1.78E+01
6.73E+03,3.38270E+02,3.43E+01,-9.71E-01,3.64034E-06,1.90264E-03,3.64034E-05,5.24E-01,1.80E+01
6.74E+03,3.38090E+02,3.43E+01,-9.88E-01,3.60548E-06,1.88187E-03,3.60548E-05,5.14E-01,1.76E+01
6.75E+03,3.37880E+02,3.43E+01,-1.09E+00,3.56628E-06,1.85781E-03,3.56628E-05,5.09E-01,1.75E+01
6.77E+03,3.37650E+02,3.43E+01,-9.32E-01,3.52708E-06,1.92777E-03,3.52708E-05,5.16E-01,1.77E+01
6.78E+03,3.37470E+02,3.44E+01,-9.41E-01,3.49146E-06,1.90692E-03,3.49146E-05,5.19E-01,1.78E+01
6.79E+03,3.37290E+02,3.44E+01,-1.07E+00,3.45650E-06,1.92614E-03,3.45650E-05,5.22E-01,1.79E+01
6.80E+03,3.37090E+02,3.44E+01,-1.03E+00,3.42226E-06,1.93127E-03,3.42226E-05,5.11E-01,1.76E+01
6.81E+03,3.36870E+02,3.44E+01,-9.98E-01,3.38330E-06,2.01042E-03,3.38330E-05,5.14E-01,1.77E+01
6.82E+03,3.36680E+02,3.44E+01,-9.38E-01,3.34976E-06,1.95458E-03,3.34976E-05,5.23E-01,1.80E+01
6.84E+03,3.36480E+02,3.45E+01,-1.00E+00,3.31228E-06,1.94799E-03,3.31228E-05,5.25E-01,1.81E+01
6.85E+03,3.36290E+02,3.45E+01,-9.91E-01,3.27946E-06,1.95768E-03,3.27946E-05,5.26E-01,1.81E+01
6.86E+03,3.36080E+02,3.45E+01,-9.57E-01,3.24306E-06,1.91607E-03,3.24306E-05,5.17E-01,1.78E+01
6.87E+03,3.35900E+02,3.45E+01,-1.03E+00,3.21112E-06,1.91584E-03,3.21112E-05,5.21E-01,1.80E+01
6.89E+03,3.35680E+02,3.45E+01,-9.49E-01,3.17510E-06,1.95713E-03,3.17510E-05,5.13E-01,1.77E+01
6.90E+03,3.35500E+02,3.46E+01,-1.09E+00,3.14318E-06,1.92176E-03,3.14318E-05,5.13E-01,1.77E+01
6.91E+03,3.35270E+02,3.46E+01,-9.50E-01,3.10774E-06,1.94371E-03,3.10774E-05,5.13E-01,1.77E+01
6.92E+03,3.35070E+02,3.46E+01,-1.06E+00,3.07280E-06,1.91469E-03,3.07280E-05,5.09E-01,1.76E+01
6.93E+03,3.34870E+02,3.46E+01,-1.00E+00,3.04178E-06,1.92923E-03,3.04178E-05,5.14E-01,1.78E+01
6.95E+03,3.34680E+02,3.46E+01,-9.97E-01,3.01120E-06,1.92772E-03,3.01120E-05,5.16E-01,1.79E+01
6.96E+03,3.34470E+02,3.47E+01,-9.34E-01,2.97760E-06,1.94889E-03,2.97760E-05,5.24E-01,1.82E+01
6.97E+03,3.34290E+02,3.47E+01,-9.89E-01,2.94724E-06,1.93708E-03,2.94724E-05,5.36E-01,1.86E+01
6.98E+03,3.34080E+02,3.47E+01,-8.89E-01,2.91444E-06,1.95918E-03,2.91444E-05,5.23E-01,1.81E+01
7.00E+03,3.33890E+02,3.47E+01,-1.16E+00,2.88136E-06,1.94269E-03,2.88136E-05,5.13E-01,1.78E+01
7.01E+03,3.33670E+02,3.47E+01,-9.96E-01,2.85210E-06,1.96253E-03,2.85210E-05,5.07E-01,1.76E+01
7.02E+03,3.33480E+02,3.48E+01,-1.02E+00,2.82214E-06,2.03439E-03,2.82214E-05,5.07E-01,1.76E+01
7.03E+03,3.33260E+02,3.48E+01,-9.56E-01,2.78960E-06,1.96115E-03,2.78960E-05,5.21E-01,1.81E+01
7.04E+03,3.33080E+02,3.48E+01,-1.02E+00,2.76126E-06,1.98204E-03,2.76126E-05,5.16E-01,1.80E+01
7.06E+03,3.32860E+02,3.48E+01,-9.90E-01,2.72932E-06,1.99329E-03,2.72932E-05,5.08E-01,1.77E+01
7.07E+03,3.32670E+02,3.49E+01,-1.06E+00,2.70182E-06,1.86689E-03,2.70182E-05,5.11E-01,1.78E+01
7.08E+03,3.32450E+02,3.49E+01,-8.93E-01,2.67180E-06,1.98262E-03,2.67180E-05,5.10E-01,1.78E+01
7.09E+03,3.32280E+02,3.49E+01,-1.06E+00,2.64454E-06,2.05705E-03,2.64454E-05,5.15E-01,1.80E+01
7.10E+03,3.32070E+02,3.49E+01,-9.52E-01,2.61694E-06,1.98183E-03,2.61694E-05,5.14E-01,1.80E+01
7.11E+03,3.31890E+02,3.49E+01,-1.04E+00,2.59032E-06,1.99676E-03,2.59032E-05,5.18E-01,1.81E+01
7.13E+03,3.31670E+02,3.50E+01,-8.85E-01,2.56082E-06,1.96348E-03,2.56082E-05,5.26E-01,1.84E+01
7.14E+03,3.31480E+02,3.50E+01,-1.05E+00,2.53130E-06,2.00526E-03,2.53130E-05,5.25E-01,1.84E+01
7.15E+03,3.31280E+02,3.50E+01,-9.78E-01,2.50518E-06,1.96314E-03,2.50518E-05,5.30E-01,1.85E+01
7.16E+03,3.31070E+02,3.50E+01,-9.62E-01,2.47568E-06,2.01244E-03,2.47568E-05,5.24E-01,1.83E+01
7.17E+03,3.30890E+02,3.50E+01,-1.00E+00,2.45046E-06,1.95533E-03,2.45046E-05,5.20E-01,1.82E+01
7.19E+03,3.30680E+02,3.51E+01,-1.05E+00,2.42216E-06,2.16121E-03,2.42216E-05,5.13E-01,1.80E+01
7.20E+03,3.30470E+02,3.51E+01,-9.87E-01,2.39632E-06,1.99946E-03,2.39632E-05,5.05E-01,1.77E+01
7.21E+03,3.30260E+02,3.51E+01,-1.04E+00,2.36834E-06,2.14357E-03,2.36834E-05,5.17E-01,1.82E+01
7.22E+03,3.30080E+02,3.51E+01,-8.93E-01,2.34628E-06,1.98161E-03,2.34628E-05,5.28E-01,1.85E+01
7.24E+03,3.29890E+02,3.51E+01,-1.03E+00,2.31870E-06,2.03980E-03,2.31870E-05,5.22E-01,1.83E+01
7.25E+03,3.29670E+02,3.52E+01,-1.06E+00,2.29152E-06,2.04951E-03,2.29152E-05,5.20E-01,1.83E+01
7.26E+03,3.29470E+02,3.52E+01,-9.70E-01,2.26742E-06,2.14782E-03,2.26742E-05,5.12E-01,1.80E+01
7.27E+03,3.29280E+02,3.52E+01,-9.82E-01,2.24334E-06,2.05114E-03,2.24334E-05,5.19E-01,1.83E+01
7.28E+03,3.29070E+02,3.52E+01,-9.89E-01,2.21686E-06,2.00534E-03,2.21686E-05,5.24E-01,1.85E+01
7.30E+03,3.28880E+02,3.53E+01,-9.83E-01,2.19358E-06,1.97568E-03,2.19358E-05,5.24E-01,1.85E+01
7.31E+03,3.28670E+02,3.53E+01,-9.75E-01,2.16786E-06,2.04235E-03,2.16786E-05,5.19E-01,1.83E+01
7.32E+03,3.28480E+02,3.53E+01,-1.04E+00,2.14456E-06,2.05715E-03,2.14456E-05,5.24E-01,1.85E+01
7.33E+03,3.28280E+02,3.53E+01,-9.30E-01,2.12178E-06,2.00467E-03,2.12178E-05,5.21E-01,1.84E+01
7.34E+03,3.28080E+02,3.53E+01,-1.07E+00,2.09642E-06,2.04400E-03,2.09642E-05,5.10E-01,1.80E+01
7.36E+03,3.27880E+02,3.54E+01,-1.08E+00,2.07432E-06,2.02774E-03,2.07432E-05,5.16E-01,1.82E+01
7.37E+03,3.27650E+02,3.54E+01,-8.98E-01,2.04952E-06,2.06759E-03,2.04952E-05,5.21E-01,1.84E+01
7.38E+03,3.27480E+02,3.54E+01,-9.35E-01,2.02806E-06,2.01941E-03,2.02806E-05,5.22E-01,1.85E+01
7.39E+03,3.27280E+02,3.54E+01,-1.10E+00,2.00410E-06,2.02293E-03,2.00410E-05,5.23E-01,1.85E+01
7.40E+03,3.27070E+02,3.54E+01,-9.56E-01,1.98295E-06,1.99206E-03,1.98295E-05,5.12E-01,1.82E+01
7.42E+03,3.26890E+02,3.55E+01,-9.89E-01,1.96244E-06,1.97108E-03,1.96244E-05,5.11E-01,1.81E+01
7.43E+03,3.26680E+02,3.55E+01,-1.01E+00,1.93929E-06,2.08979E-03,1.93929E-05,5.25E-01,1.86E+01
7.44E+03,3.26460E+02,3.55E+01,-9.42E-01,1.91558E-06,2.09857E-03,1.91558E-05,5.25E-01,1.86E+01
7.45E+03,3.26280E+02,3.55E+01,-9.81E-01,1.89528E-06,2.12505E-03,1.89528E-05,5.24E-01,1.86E+01
7.46E+03,3.26090E+02,3.56E+01,-1.03E+00,1.87486E-06,2.02907E-03,1.87486E-05,5.12E-01,1.82E+01
7.48E+03,3.25870E+02,3.56E+01,-1.09E+00,1.85203E-06,2.09903E-03,1.85203E-05,5.11E-01,1.82E+01
7.49E+03,3.25660E+02,3.56E+01,-9.08E-01,1.83193E-06,2.08215E-03,1.83193E-05,5.15E-01,1.83E+01
7.50E+03,3.25490E+02,3.56E+01,-9.89E-01,1.81274E-06,2.02289E-03,1.81274E-05,5.19E-01,1.85E+01
7.51E+03,3.25280E+02,3.56E+01,-1.02E+00,1.79121E-06,2.03741E-03,1.79121E-05,5.25E-01,1.87E+01
7.52E+03,3.25090E+02,3.57E+01,-9.56E-01,1.77252E-06,2.04488E-03,1.77252E-05,5.24E-01,1.87E+01
7.54E+03,3.24860E+02,3.57E+01,-9.36E-01,1.74895E-06,2.02335E-03,1.74895E-05,5.26E-01,1.88E+01
7.55E+03,3.24680E+02,3.57E+01,-1.03E+00,1.72995E-06,2.12736E-03,1.72995E-05,5.19E-01,1.85E+01
7.56E+03,3.24480E+02,3.57E+01,-1.06E+00,1.71088E-06,2.15795E-03,1.71088E-05,5.15E-01,1.84E+01
7.57E+03,3.24250E+02,3.58E+01,-9.42E-01,1.68981E-06,2.10400E-03,1.68981E-05,5.17E-01,1.85E+01
7.59E+03,3.24090E+02,3.58E+01,-9.76E-01,1.67330E-06,2.14131E-03,1.67330E-05,5.24E-01,1.88E+01
7.60E+03,3.23880E+02,3.58E+01,-1.02E+00,1.65280E-06,2.07529E-03,1.65280E-05,5.28E-01,1.89E+01
7.61E+03,3.23660E+02,3.58E+01,-1.00E+00,1.63208E-06,2.23034E-03,1.63208E-05,5.21E-01,1.87E+01
7.62E+03,3.23460E+02,3.58E+01,-9.88E-01,1.61344E-06,2.17784E-03,1.61344E-05,5.23E-01,1.87E+01
7.63E+03,3.23270E+02,3.59E+01,-9.47E-01,1.59598E-06,2.09646E-03,1.59598E-05,5.30E-01,1.90E+01
7.65E+03,3.23070E+02,3.59E+01,-9.68E-01,1.57682E-06,2.06199E-03,1.57682E-05,5.28E-01,1.89E+01
7.66E+03,3.22890E+02,3.59E+01,-1.05E+00,1.55992E-06,2.08442E-03,1.55992E-05,5.21E-01,1.87E+01
7.67E+03,3.22690E+02,3.59E+01,-1.03E+00,1.54264E-06,2.15586E-03,1.54264E-05,5.14E-01,1.85E+01
7.68E+03,3.22470E+02,3.60E+01,-9.81E-01,1.52358E-06,2.22602E-03,1.52358E-05,5.22E-01,1.88E+01
7.69E+03,3.22280E+02,3.60E+01,-9.14E-01,1.50676E-06,2.08963E-03,1.50676E-05,5.23E-01,1.88E+01
7.71E+03,3.22090E+02,3.60E+01,-1.09E+00,1.48864E-06,2.16734E-03,1.48864E-05,5.22E-01,1.88E+01
7.72E+03,3.21880E+02,3.60E+01,-9.71E-01,1.47214E-06,2.13100E-03,1.47214E-05,5.19E-01,1.87E+01
7.73E+03,3.21650E+02,3.60E+01,-9.83E-01,1.45225E-06,2.05796E-03,1.45225E-05,5.18E-01,1.87E+01
7.74E+03,3.21490E+02,3.61E+01,-9.68E-01,1.43858E-06,2.14013E-03,1.43858E-05,5.28E-01,1.91E+01
7.76E+03,3.21260E+02,3.61E+01,-9.78E-01,1.41898E-06,2.09596E-03,1.41898E-05,5.26E-01,1.90E+01
7.77E+03,3.21070E+02,3.61E+01,-1.00E+00,1.40318E-06,2.06273E-03,1.40318E-05,5.24E-01,1.89E+01
7.78E+03,3.20880E+02,3.61E+01,-1.01E+00,1.38771E-06,2.15137E-03,1.38771E-05,5.15E-01,1.86E+01
7.79E+03,3.20660E+02,3.62E+01,-1.05E+00,1.36980E-06,2.19979E-03,1.36980E-05,5.18E-01,1.87E+01
7.80E+03,3.20460E+02,3.62E+01,-9.36E-01,1.35479E-06,2.10158E-03,1.35479E-05,5.25E-01,1.90E+01
7.82E+03,3.20280E+02,3.62E+01,-9.39E-01,1.33961E-06,2.14388E-03,1.33961E-05,5.26E-01,1.91E+01
7.83E+03,3.20100E+02,3.62E+01,-1.03E+00,1.32478E-06,2.10578E-03,1.32478E-05,5.28E-01,1.91E+01
7.84E+03,3.19880E+02,3.62E+01,-9.76E-01,1.30829E-06,2.17561E-03,1.30829E-05,5.18E-01,1.88E+01
7.85E+03,3.19670E+02,3.63E+01,-1.02E+00,1.29211E-06,2.07922E-03,1.29211E-05,5.14E-01,1.87E+01
7.86E+03,3.19480E+02,3.63E+01,-9.76E-01,1.27790E-06,2.22978E-03,1.27790E-05,5.23E-01,1.90E+01
7.88E+03,3.19290E+02,3.63E+01,-9.35E-01,1.26371E-06,2.09595E-03,1.26371E-05,5.19E-01,1.89E+01
7.89E+03,3.19090E+02,3.63E+01,-1.07E+00,1.24808E-06,2.10312E-03,1.24808E-05,5.15E-01,1.87E+01
7.90E+03,3.18890E+02,3.64E+01,-1.02E+00,1.23431E-06,2.13287E-03,1.23431E-05,5.10E-01,1.85E+01
7.91E+03,3.18650E+02,3.64E+01,-1.01E+00,1.21721E-06,2.22667E-03,1.21721E-05,5.13E-01,1.87E+01
7.92E+03,3.18480E+02,3.64E+01,-9.36E-01,1.20520E-06,2.16505E-03,1.20520E-05,5.28E-01,1.92E+01
7.94E+03,3.18280E+02,3.64E+01,-9.47E-01,1.19015E-06,2.20536E-03,1.19015E-05,5.36E-01,1.95E+01
7.95E+03,3.18100E+02,3.64E+01,-9.70E-01,1.17695E-06,2.10150E-03,1.17695E-05,5.30E-01,1.93E+01
7.96E+03,3.17890E+02,3.65E+01,-1.02E+00,1.16206E-06,2.15939E-03,1.16206E-05,5.20E-01,1.90E+01
7.97E+03,3.17670E+02,3.65E+01,-9.94E-01,1.14747E-06,2.20641E-03,1.14747E-05,5.20E-01,1.90E+01
7.99E+03,3.17480E+02,3.65E+01,-9.35E-01,1.13454E-06,2.17287E-03,1.13454E-05,5.17E-01,1.89E+01
8.00E+03,3.17280E+02,3.65E+01,-1.05E+00,1.12043E-06,2.21201E-03,1.12043E-05,5.28E-01,1.93E+01
8.01E+03,3.17080E+02,3.66E+01,-9.23E-01,1.10771E-06,2.19118E-03,1.10771E-05,5.30E-01,1.94E+01
8.02E+03,3.16880E+02,3.66E+01,-9.96E-01,1.09345E-06,2.16049E-03,1.09345E-05,5.24E-01,1.92E+01
8.04E+03,3.16670E+02,3.66E+01,-1.05E+00,1.07974E-06,2.18937E-03,1.07974E-05,5.28E-01,1.93E+01
8.05E+03,3.16470E+02,3.66E+01,-9.41E-01,1.06721E-06,2.39037E-03,1.06721E-05,5.18E-01,1.90E+01
8.06E+03,3.16280E+02,3.67E+01,-1.04E+00,1.05448E-06,2.23149E-03,1.05448E-05,5.19E-01,1.90E+01
8.07E+03,3.16080E+02,3.67E+01,-9.84E-01,1.04234E-06,2.20124E-03,1.04234E-05,5.28E-01,1.94E+01
8.08E+03,3.15870E+02,3.67E+01,-9.26E-01,1.02909E-06,2.21458E-03,1.02909E-05,5.26E-01,1.93E+01
8.10E+03,3.15670E+02,3.67E+01,-1.02E+00,1.01582E-06,2.24170E-03,1.01582E-05,5.23E-01,1.92E+01
8.11E+03,3.15500E+02,3.67E+01,-1.04E+00,1.00576E-06,2.18233E-03,1.00576E-05,5.18E-01,1.90E+01
8.12E+03,3.15280E+02,3.68E+01,-9.81E-01,9.92994E-07,2.25635E-03,9.92994E-06,5.16E-01,1.90E+01
8.13E+03,3.15070E+02,3.68E+01,-9.52E-01,9.80210E-07,2.23427E-03,9.80210E-06,5.29E-01,1.95E+01
8.14E+03,3.14890E+02,3.68E+01,-9.44E-01,9.69140E-07,2.20589E-03,9.69140E-06,5.30E-01,1.95E+01
8.16E+03,3.14690E+02,3.68E+01,-1.05E+00,9.56776E-07,2.19807E-03,9.56776E-06,5.28E-01,1.95E+01
8.17E+03,3.14490E+02,3.69E+01,-9.44E-01,9.45862E-07,2.22020E-03,9.45862E-06,5.26E-01,1.94E+01
8.18E+03,3.14290E+02,3.69E+01,-9.70E-01,9.33854E-07,2.20471E-03,9.33854E-06,5.18E-01,1.91E+01
8.19E+03,3.14080E+02,3.69E+01,-1.04E+00,9.21754E-07,2.20285E-03,9.21754E-06,5.22E-01,1.93E+01
8.20E+03,3.13880E+02,3.69E+01,-9.56E-01,9.11228E-07,2.16408E-03,9.11228E-06,5.13E-01,1.89E+01
8.22E+03,3.13680E+02,3.70E+01,-1.03E+00,8.99772E-07,2.30060E-03,8.99772E-06,5.12E-01,1.89E+01
8.23E+03,3.13480E+02,3.70E+01,-9.85E-01,8.89318E-07,2.23510E-03,8.89318E-06,5.16E-01,1.91E+01
8.24E+03,3.13270E+02,3.70E+01,-9.87E-01,8.77884E-07,2.23566E-03,8.77884E-06,5.11E-01,1.89E+01
8.25E+03,3.13080E+02,3.70E+01,-1.03E+00,8.67762E-07,2.20149E-03,8.67762E-06,5.23E-01,1.94E+01
8.27E+03,3.12860E+02,3.71E+01,-8.83E-01,8.56516E-07,2.26334E-03,8.56516E-06,5.31E-01,1.97E+01
8.28E+03,3.12670E+02,3.71E+01,-9.63E-01,8.45524E-07,2.17524E-03,8.45524E-06,5.37E-01,1.99E+01
8.29E+03,3.12490E+02,3.71E+01,-9.65E-01,8.35940E-07,2.20923E-03,8.35940E-06,5.30E-01,1.97E+01
8.30E+03,3.12280E+02,3.71E+01,-1.04E+00,8.24954E-07,2.26641E-03,8.24954E-06,5.18E-01,1.92E+01
8.31E+03,3.12080E+02,3.72E+01,-9.67E-01,8.15474E-07,2.23642E-03,8.15474E-06,5.20E-01,1.93E+01
8.33E+03,3.11870E+02,3.72E+01,-9.40E-01,8.04726E-07,2.28153E-03,8.04726E-06,5.22E-01,1.94E+01
8.34E+03,3.11670E+02,3.72E+01,-1.00E+00,7.94306E-07,2.27756E-03,7.94306E-06,5.23E-01,1.95E+01
8.35E+03,3.11500E+02,3.72E+01,-1.02E+00,7.86148E-07,2.28691E-03,7.86148E-06,5.15E-01,1.92E+01
8.36E+03,3.11280E+02,3.72E+01,-9.95E-01,7.75840E-07,2.19504E-03,7.75840E-06,5.10E-01,1.90E+01
8.38E+03,3.11070E+02,3.73E+01,-9.94E-01,7.65906E-07,2.16636E-03,7.65906E-06,5.20E-01,1.94E+01
8.39E+03,3.10860E+02,3.73E+01,-9.21E-01,7.55960E-07,2.40343E-03,7.55960E-06,5.30E-01,1.98E+01
8.40E+03,3.10660E+02,3.73E+01,-9.43E-01,7.45988E-07,2.31910E-03,7.45988E-06,5.23E-01,1.95E+01
8.41E+03,3.10480E+02,3.73E+01,-1.08E+00,7.37480E-07,2.13558E-03,7.37480E-06,5.23E-01,1.95E+01
8.42E+03,3.10280E+02,3.74E+01,-8.97E-01,7.29150E-07,2.23064E-03,7.29150E-06,5.23E-01,1.96E+01
8.44E+03,3.10090E+02,3.74E+01,-9.56E-01,7.19786E-07,2.22103E-03,7.19786E-06,5.29E-01,1.98E+01
8.45E+03,3.09890E+02,3.74E+01,-9.76E-01,7.10546E-07,2.27686E-03,7.10546E-06,5.31E-01,1.99E+01
8.46E+03,3.09680E+02,3.74E+01,-1.01E+00,7.01130E-07,2.32967E-03,7.01130E-06,5.25E-01,1.97E+01
8.48E+03,3.09460E+02,3.75E+01,-9.29E-01,6.91800E-07,2.27888E-03,6.91800E-06,5.24E-01,1.96E+01
8.49E+03,3.09280E+02,3.75E+01,-9.83E-01,6.83516E-07,2.29766E-03,6.83516E-06,5.27E-01,1.98E+01
8.50E+03,3.09070E+02,3.75E+01,-9.50E-01,6.74560E-07,2.28811E-03,6.74560E-06,5.27E-01,1.98E+01
8.51E+03,3.08890E+02,3.75E+01,-9.98E-01,6.66700E-07,2.29388E-03,6.66700E-06,5.13E-01,1.93E+01
8.52E+03,3.08670E+02,3.76E+01,-1.03E+00,6.57704E-07,2.32979E-03,6.57704E-06,5.18E-01,1.95E+01
8.54E+03,3.08470E+02,3.76E+01,-8.77E-01,6.49940E-07,2.29190E-03,6.49940E-06,5.19E-01,1.95E+01
8.55E+03,3.08280E+02,3.76E+01,-1.01E+00,6.41422E-07,2.18411E-03,6.41422E-06,5.24E-01,1.97E+01
8.56E+03,3.08090E+02,3.76E+01,-9.43E-01,6.33960E-07,2.35718E-03,6.33960E-06,5.26E-01,1.98E+01
8.57E+03,3.07880E+02,3.77E+01,-9.75E-01,6.25486E-07,2.24267E-03,6.25486E-06,5.26E-01,1.98E+01
8.59E+03,3.07670E+02,3.77E+01,-8.74E-01,6.17164E-07,2.33468E-03,6.17164E-06,5.25E-01,1.98E+01
8.60E+03,3.07500E+02,3.77E+01,-1.03E+00,6.09934E-07,2.26973E-03,6.09934E-06,5.17E-01,1.95E+01
8.61E+03,3.07280E+02,3.77E+01,-9.95E-01,6.02022E-07,2.15118E-03,6.02022E-06,5.16E-01,1.95E+01
8.62E+03,3.07070E+02,3.78E+01,-9.16E-01,5.94192E-07,2.26848E-03,5.94192E-06,5.22E-01,1.97E+01
8.64E+03,3.06870E+02,3.78E+01,-8.78E-01,5.86296E-07,2.26349E-03,5.86296E-06,5.38E-01,2.03E+01
8.65E+03,3.06680E+02,3.78E+01,-9.40E-01,5.78676E-07,2.19414E-03,5.78676E-06,5.30E-01,2.00E+01
8.66E+03,3.06480E+02,3.78E+01,-1.03E+00,5.71158E-07,2.23827E-03,5.71158E-06,5.09E-01,1.93E+01
8.67E+03,3.06280E+02,3.79E+01,-1.03E+00,5.64494E-07,2.26609E-03,5.64494E-06,5.07E-01,1.92E+01
8.69E+03,3.06060E+02,3.79E+01,-8.36E-01,5.57076E-07,2.32797E-03,5.57076E-06,5.16E-01,1.95E+01
8.70E+03,3.05900E+02,3.79E+01,-9.23E-01,5.50648E-07,2.23456E-03,5.50648E-06,5.27E-01,2.00E+01
8.71E+03,3.05700E+02,3.79E+01,-9.68E-01,5.43510E-07,2.18495E-03,5.43510E-06,5.29E-01,2.01E+01
8.73E+03,3.05470E+02,3.80E+01,-9.15E-01,5.35684E-07,2.21677E-03,5.35684E-06,5.22E-01,1.98E+01
8.74E+03,3.05270E+02,3.80E+01,-9.07E-01,5.28708E-07,2.18935E-03,5.28708E-06,5.25E-01,1.99E+01
8.75E+03,3.05080E+02,3.80E+01,-9.44E-01,5.22054E-07,2.18379E-03,5.22054E-06,5.29E-01,2.01E+01
8.76E+03,3.04880E+02,3.80E+01,-8.91E-01,5.15268E-07,2.46112E-03,5.15268E-06,5.29E-01,2.01E+01
8.78E+03,3.04680E+02,3.81E+01,-8.91E-01,5.08530E-07,2.21097E-03,5.08530E-06,5.29E-01,2.01E+01
8.79E+03,3.04490E+02,3.81E+01,-8.97E-01,5.02142E-07,2.14129E-03,5.02142E-06,5.37E-01,2.04E+01
8.80E+03,3.04300E+02,3.81E+01,-8.54E-01,4.95816E-07,2.16566E-03,4.95816E-06,5.23E-01,1.99E+01
8.82E+03,3.04100E+02,3.81E+01,-1.02E+00,4.88924E-07,2.20583E-03,4.88924E-06,5.27E-01,2.01E+01
8.83E+03,3.03880E+02,3.82E+01,-7.76E-01,4.82824E-07,2.22755E-03,4.82824E-06,5.19E-01,1.98E+01
8.85E+03,3.03690E+02,3.82E+01,-9.66E-01,4.75968E-07,2.14950E-03,4.75968E-06,5.14E-01,1.96E+01
8.86E+03,3.03480E+02,3.82E+01,-8.69E-01,4.70034E-07,2.18340E-03,4.70034E-06,5.27E-01,2.01E+01
8.87E+03,3.03290E+02,3.82E+01,-8.25E-01,4.64196E-07,2.12567E-03,4.64196E-06,5.18E-01,1.98E+01
8.88E+03,3.03110E+02,3.83E+01,-8.53E-01,4.58448E-07,2.14572E-03,4.58448E-06,5.31E-01,2.03E+01
8.90E+03,3.02880E+02,3.83E+01,-8.04E-01,4.51644E-07,1.99251E-03,4.51644E-06,5.39E-01,2.06E+01
8.91E+03,3.02690E+02,3.83E+01,-7.39E-01,4.45792E-07,2.11084E-03,4.45792E-06,5.33E-01,2.04E+01
8.93E+03,3.02510E+02,3.83E+01,-8.50E-01,4.40032E-07,1.94057E-03,4.40032E-06,5.31E-01,2.03E+01
8.94E+03,3.02310E+02,3.84E+01,-7.64E-01,4.34602E-07,1.89200E-03,4.34602E-06,5.32E-01,2.04E+01
8.96E+03,3.02110E+02,3.84E+01,-6.78E-01,4.28806E-07,1.87688E-03,4.28806E-06,5.24E-01,2.01E+01
8.98E+03,3.01930E+02,3.84E+01,-7.73E-01,4.23220E-07,1.76763E-03,4.23220E-06,5.36E-01,2.06E+01
8.99E+03,3.01710E+02,3.84E+01,-6.25E-01,4.17448E-07,1.77336E-03,4.17448E-06,5.35E-01,2.06E+01
9.01E+03,3.01530E+02,3.85E+01,-6.63E-01,4.11982E-07,1.67777E-03,4.11982E-06,5.31E-01,2.04E+01
9.03E+03,3.01320E+02,3.85E+01,-6.24E-01,4.06250E-07,1.57269E-03,4.06250E-06,5.37E-01,2.06E+01
9.05E+03,3.01140E+02,3.85E+01,-6.03E-01,4.01318E-07,1.52085E-03,4.01318E-06,5.30E-01,2.04E+01
9.07E+03,3.00940E+02,3.85E+01,-5.79E-01,3.95888E-07,1.47000E-03,3.95888E-06,5.35E-01,2.06E+01
9.09E+03,3.00720E+02,3.86E+01,-5.29E-01,3.90006E-07,1.41135E-03,3.90006E-06,5.25E-01,2.03E+01
9.11E+03,3.00530E+02,3.86E+01,-5.87E-01,3.84832E-07,1.33950E-03,3.84832E-06,5.16E-01,1.99E+01
9.13E+03,3.00330E+02,3.86E+01,-5.17E-01,3.80148E-07,1.30636E-03,3.80148E-06,5.21E-01,2.01E+01
9.15E+03,3.00130E+02,3.86E+01,-4.37E-01,3.75144E-07,1.26465E-03,3.75144E-06,5.26E-01,2.03E+01
9.18E+03,2.99950E+02,3.87E+01,-4.59E-01,3.70158E-07,1.17049E-03,3.70158E-06,5.41E-01,2.09E+01
9.21E+03,2.99740E+02,3.87E+01,-4.19E-01,3.64968E-07,1.05309E-03,3.64968E-06,5.41E-01,2.09E+01
9.23E+03,2.99550E+02,3.87E+01,-4.12E-01,3.60092E-07,1.07150E-03,3.60092E-06,5.35E-01,2.07E+01
9.26E+03,2.99350E+02,3.87E+01,-3.76E-01,3.55198E-07,1.00220E-03,3.55198E-06,5.37E-01,2.08E+01
9.29E+03,2.99160E+02,3.88E+01,-3.57E-01,3.50512E-07,9.56362E-04,3.50512E-06,5.28E-01,2.05E+01
9.32E+03,2.98970E+02,3.88E+01,-3.53E-01,3.45922E-07,8.73106E-04,3.45922E-06,5.33E-01,2.07E+01
9.36E+03,2.98740E+02,3.88E+01,-2.87E-01,3.40730E-07,8.21503E-04,3.40730E-06,5.29E-01,2.05E+01
9.40E+03,2.98580E+02,3.88E+01,-3.09E-01,3.36650E-07,7.65718E-04,3.36650E-06,5.31E-01,2.06E+01
9.44E+03,2.98360E+02,3.89E+01,-2.64E-01,3.31806E-07,7.05386E-04,3.31806E-06,5.37E-01,2.09E+01
9.49E+03,2.98160E+02,3.89E+01,-2.45E-01,3.27120E-07,6.47763E-04,3.27120E-06,5.25E-01,2.04E+01
9.53E+03,2.97980E+02,3.89E+01,-2.49E-01,3.22986E-07,6.21771E-04,3.22986E-06,5.30E-01,2.06E+01
9.58E+03,2.97760E+02,3.89E+01,-2.03E-01,3.18418E-07,5.41411E-04,3.18418E-06,5.33E-01,2.07E+01
9.64E+03,2.97580E+02,3.90E+01,-1.86E-01,3.14262E-07,5.38793E-04,3.14262E-06,5.38E-01,2.10E+01
9.70E+03,2.97390E+02,3.90E+01,-1.74E-01,3.09954E-07,4.64518E-04,3.09954E-06,5.46E-01,2.13E+01
9.77E+03,2.97190E+02,3.90E+01,-1.55E-01,3.05618E-07,4.50666E-04,3.05618E-06,5.35E-01,2.09E+01
9.84E+03,2.96990E+02,3.90E+01,-1.07E-01,3.01348E-07,3.93621E-04,3.01348E-06,5.34E-01,2.08E+01
9.96E+03,2.96780E+02,3.91E+01,-1.20E-01,2.97092E-07,3.30139E-04,2.97092E-06,5.35E-01,2.09E+01
1.01E+04,2.96590E+02,3.91E+01,-1.10E-01,2.92968E-07,3.24178E-04,2.92968E-06,5.30E-01,2.07E+01
1.02E+04,2.96400E+02,3.91E+01,-1.01E-01,2.89078E-07,2.68400E-04,2.89078E-06,5.25E-01,2.05E+01
1.03E+04,2.96200E+02,3.91E+01,-8.23E-02,2.85280E-07,2.05891E-04,2.85280E-06,NaN,NaN
1.04E+04,2.96000E+02,3.92E+01,NaN,2.81392E-07,2.21077E-04,2.81392E-06,NaN,NaN
